fixed acidity,volatile acidity,citric acid,residual sugar,chlorides,free sulfur dioxide,total sulfur dioxide,density,pH,sulphates,alcohol
5.9,0.2,0.28,1.0,0.043,45.0,100.0,0.9903299999999999,3.4,0.41,11.4
6.2,0.2,0.25,15.0,0.055,8.0,120.0,0.9976700000000001,3.19,0.53,9.6
6.5,0.23,0.36,16.3,0.038,43.0,133.0,0.99924,3.26,0.41,8.8
7.1,0.68,0.0,2.3,0.087,17.0,26.0,0.9978299999999999,3.45,0.53,9.5
7.1,0.13,0.4,1.2,0.047,54.0,134.0,0.9932,3.3,0.97,9.8
11.5,0.42,0.48,2.6,0.077,8.0,20.0,0.9985200000000001,3.09,0.53,11.0
6.0,0.27,0.32,3.6,0.035,36.0,133.0,0.99215,3.23,0.46,10.8
8.2,0.24,0.34,5.1,0.062,8.0,22.0,0.9974,3.22,0.94,10.9
8.4,1.035,0.15,6.0,0.073,11.0,54.0,0.9990000000000001,3.37,0.49,9.9
6.0,0.36,0.16,6.3,0.036000000000000004,36.0,191.0,0.9942,3.17,0.62,9.8
6.0,0.41,0.23,1.1,0.066,22.0,148.0,0.99266,3.3,0.47,9.633333333
7.0,0.24,0.51,11.0,0.028999999999999998,55.0,227.0,0.9965,3.03,0.61,9.5
8.2,1.0,0.09,2.3,0.065,7.0,37.0,0.99685,3.32,0.55,9.0
7.8,0.16,0.41,1.7,0.026000000000000002,29.0,140.0,0.991,3.02,0.78,12.5
6.3,0.13,0.42,1.1,0.043,63.0,146.0,0.99066,3.13,0.72,11.2
9.1,0.27,0.45,10.6,0.035,28.0,124.0,0.997,3.2,0.46,10.4
7.4,0.2,0.36,1.2,0.038,44.0,111.0,0.9926,3.36,0.34,9.9
8.0,0.19,0.3,2.0,0.053,48.0,140.0,0.9940000000000001,3.18,0.49,9.6
7.1,0.29,0.34,7.8,0.036000000000000004,49.0,128.0,0.99397,3.21,0.4,10.7
5.8,0.28,0.18,1.2,0.057999999999999996,7.0,108.0,0.9928799999999999,3.23,0.58,9.55
7.2,0.16,0.26,7.1,0.054000000000000006,41.0,224.0,0.9966,3.38,0.55,10.1
6.1,0.22,0.49,1.5,0.051,18.0,87.0,0.9928,3.3,0.46,9.6
6.8,0.39,0.35,11.6,0.044000000000000004,57.0,220.0,0.99775,3.07,0.53,9.3
6.6,0.25,0.35,2.9,0.034,38.0,121.0,0.99008,3.19,0.4,12.8
6.8,0.32,0.37,3.4,0.023,19.0,87.0,0.9902,3.14,0.53,12.7
6.6,0.25,0.3,14.4,0.052000000000000005,40.0,183.0,0.998,3.02,0.5,9.1
7.4,0.64,0.17,5.4,0.168,52.0,98.0,0.99736,3.28,0.5,9.5
6.9,0.18,0.36,1.3,0.036000000000000004,40.0,117.0,0.9934,3.27,0.95,9.5
7.2,0.24,0.29,2.2,0.037000000000000005,37.0,102.0,0.992,3.27,0.64,11.0
6.8,0.26,0.32,7.0,0.040999999999999995,38.0,118.0,0.9939,3.25,0.52,10.8
5.6,0.31,0.37,1.4,0.07400000000000001,12.0,96.0,0.9954,3.32,0.58,9.2
7.0,0.2,0.31,8.0,0.05,29.0,213.0,0.9959600000000001,3.28,0.57,10.4
6.1,0.21,0.19,1.4,0.046,51.0,131.0,0.9918399999999999,3.22,0.39,10.5
7.8,0.3,0.29,16.85,0.054000000000000006,23.0,135.0,0.9998,3.16,0.38,9.0
6.4,0.17,0.34,13.4,0.044000000000000004,45.0,139.0,0.9975200000000001,3.06,0.43,9.1
8.5,0.28,0.56,1.8,0.092,35.0,103.0,0.9969,3.3,0.75,10.5
9.5,0.55,0.66,2.3,0.387,12.0,37.0,0.9982,3.17,0.67,9.6
6.2,0.57,0.1,2.1,0.048,4.0,11.0,0.9944799999999999,3.44,0.76,10.8
6.3,0.4,0.32,10.6,0.049,38.0,209.0,0.9981,3.47,0.59,9.3
8.0,0.28,0.32,7.6,0.045,61.0,204.0,0.9954299999999999,3.1,0.55,10.1
8.0,0.14,0.49,1.5,0.035,42.0,120.0,0.9928,3.26,0.4,10.6
6.9,0.22,0.31,6.3,0.028999999999999998,41.0,131.0,0.99326,3.08,0.49,10.8
7.0,0.58,0.28,4.8,0.085,12.0,69.0,0.9963299999999999,3.32,0.7,11.0
7.1,0.23,0.39,13.7,0.057999999999999996,26.0,172.0,0.99755,2.9,0.46,9.0
6.5,0.15,0.32,1.3,0.036000000000000004,19.0,76.0,0.98964,3.18,0.41,12.3
7.9,0.5,0.33,2.0,0.084,15.0,143.0,0.9968,3.2,0.55,9.5
6.4,0.22,0.34,1.8,0.057,29.0,104.0,0.9959,3.81,0.57,10.3
7.0,0.16,0.25,14.3,0.044000000000000004,27.0,149.0,0.998,2.91,0.46,9.2
6.2,0.3,0.21,1.1,0.032,31.0,111.0,0.9889,2.97,0.42,12.2
7.3,0.34,0.39,5.2,0.04,45.0,163.0,0.9925,3.3,0.47,12.4
7.2,0.16,0.29,1.0,0.031,40.0,123.0,0.9895799999999999,3.12,0.4,12.1
6.4,0.3,0.3,2.25,0.038,8.0,210.0,0.9937,3.2,0.62,9.9
6.5,0.38,0.53,1.4,0.142,5.0,69.0,0.9926,3.14,0.52,10.1
10.8,0.89,0.3,2.6,0.132,7.0,60.0,0.9978600000000001,2.99,1.18,10.2
8.4,0.65,0.6,2.1,0.11199999999999999,12.0,90.0,0.9973,3.2,0.52,9.2
6.4,0.3,0.16,7.5,0.05,55.0,191.0,0.9959,3.17,0.49,9.0
6.3,0.27,0.49,1.2,0.063,35.0,92.0,0.9911,3.38,0.42,12.2
7.8,0.26,0.44,1.3,0.037000000000000005,43.0,132.0,0.9944,3.18,0.65,10.0
7.1,0.28,0.49,6.5,0.040999999999999995,28.0,111.0,0.9926,3.41,0.58,12.2
8.3,0.49,0.36,1.8,0.222,6.0,16.0,0.998,3.18,0.6,9.5
7.4,0.35,0.31,17.95,0.062,42.0,187.0,1.0002,3.27,0.64,9.1
7.0,0.29,0.54,10.7,0.046,59.0,234.0,0.9966,3.05,0.61,9.5
6.6,0.39,0.28,9.2,0.036000000000000004,10.0,92.0,0.99206,3.07,0.35,12.1
6.9,0.57,0.0,2.8,0.081,21.0,41.0,0.99518,3.41,0.52,10.8
7.9,0.19,0.42,1.6,0.057,18.0,30.0,0.9940000000000001,3.29,0.69,11.2
8.2,0.26,0.44,1.3,0.046,7.0,69.0,0.9944,3.14,0.62,10.2
7.3,0.25,0.36,2.1,0.034,30.0,177.0,0.99085,3.25,0.4,11.9
7.4,0.2,0.35,6.1,0.025,10.0,40.0,0.99244,2.79,0.52,10.9
6.7,0.24,0.29,14.9,0.053,55.0,136.0,0.99839,3.03,0.52,9.0
6.8,0.63,0.07,2.1,0.08900000000000001,11.0,44.0,0.9953,3.47,0.55,10.4
7.7,0.16,0.49,2.0,0.055999999999999994,20.0,124.0,0.9948,3.32,0.49,10.7
6.9,0.52,0.25,2.6,0.081,10.0,37.0,0.99685,3.46,0.5,11.0
6.3,0.27,0.25,5.8,0.038,52.0,155.0,0.995,3.28,0.38,9.4
7.2,0.24,0.36,2.0,0.028999999999999998,21.0,63.0,0.9907600000000001,3.13,0.63,12.5
6.1,0.22,0.23,3.1,0.052000000000000005,15.0,104.0,0.9948,3.14,0.42,8.7
5.7,0.22,0.2,16.0,0.044000000000000004,41.0,113.0,0.9986200000000001,3.22,0.46,8.9
5.6,0.19,0.27,0.9,0.04,52.0,103.0,0.99026,3.5,0.39,11.2
10.6,0.48,0.64,2.2,0.111,6.0,20.0,0.997,3.26,0.66,11.7
6.2,0.34,0.25,12.1,0.059000000000000004,33.0,171.0,0.99769,3.14,0.56,8.7
5.8,0.28,0.27,2.6,0.054000000000000006,30.0,156.0,0.9914,3.53,0.42,12.4
6.9,0.23,0.24,14.2,0.053,19.0,94.0,0.9982,3.17,0.5,9.6
6.6,0.38,0.36,9.2,0.061,42.0,214.0,0.9976,3.31,0.56,9.4
5.0,0.27,0.32,4.5,0.032,58.0,178.0,0.98956,3.45,0.31,12.6
7.1,0.2,0.27,9.6,0.037000000000000005,19.0,105.0,0.99444,3.04,0.37,10.5
6.8,0.32,0.18,7.5,0.040999999999999995,71.0,223.0,0.9959,3.14,0.41,8.9
8.2,0.38,0.49,13.6,0.042,58.0,166.0,0.99855,3.1,0.54,9.4
6.2,0.3,0.32,1.3,0.054000000000000006,27.0,183.0,0.99266,3.3,0.43,10.1
6.7,0.24,0.36,8.4,0.042,42.0,123.0,0.9947299999999999,3.34,0.52,10.9
8.1,0.575,0.22,2.1,0.077,12.0,65.0,0.9967,3.29,0.51,9.2
7.3,0.28,0.42,1.2,0.033,29.0,142.0,0.99205,3.17,0.43,10.7
7.2,0.57,0.06,1.6,0.076,9.0,27.0,0.9972,3.36,0.7,9.6
9.4,0.5,0.34,3.6,0.08199999999999999,5.0,14.0,0.9987,3.29,0.52,10.7
7.9,0.43,0.21,1.6,0.106,10.0,37.0,0.9966,3.17,0.91,9.5
6.2,0.16,0.32,1.1,0.036000000000000004,74.0,184.0,0.9909600000000001,3.22,0.41,11.0
8.1,0.24,0.32,10.5,0.03,34.0,105.0,0.9940700000000001,3.11,0.42,11.8
7.8,0.59,0.18,2.3,0.076,17.0,54.0,0.9975,3.43,0.59,10.0
5.2,0.405,0.15,1.45,0.038,10.0,44.0,0.99125,3.52,0.4,11.6
5.2,0.22,0.46,6.2,0.066,41.0,187.0,0.9936200000000001,3.19,0.42,9.733333333
8.2,0.27,0.39,7.8,0.039,49.0,208.0,0.9976,3.31,0.51,9.5
7.3,0.59,0.26,2.0,0.08,17.0,104.0,0.99584,3.28,0.52,9.9
6.8,0.61,0.2,1.8,0.077,11.0,65.0,0.9971,3.54,0.58,9.3
6.4,0.24,0.22,1.5,0.038,38.0,157.0,0.9934,3.41,0.55,9.9
6.8,0.24,0.31,18.3,0.046,40.0,142.0,1.0,3.3,0.41,8.7
7.6,0.27,0.42,2.6,0.044000000000000004,29.0,110.0,0.9912,3.31,0.51,12.7
5.7,0.31,0.29,7.3,0.05,33.0,143.0,0.9933200000000001,3.31,0.5,11.06666667
6.5,0.23,0.36,16.3,0.038,43.0,133.0,0.99924,3.26,0.41,8.8
6.4,0.105,0.29,1.1,0.035,44.0,140.0,0.9914200000000001,3.17,0.55,10.7
7.2,0.19,0.31,1.4,0.046,37.0,135.0,0.9939,3.34,0.57,10.2
6.9,0.21,0.33,1.4,0.055999999999999994,35.0,136.0,0.9938,3.63,0.78,10.3
7.3,0.28,0.35,1.6,0.054000000000000006,31.0,148.0,0.9917799999999999,3.18,0.47,10.7
6.4,0.32,0.26,7.9,0.05,53.0,180.0,0.9951399999999999,3.14,0.5,9.6
7.7,0.25,0.43,4.5,0.062,20.0,115.0,0.9966,3.38,0.5,9.9
7.9,0.28,0.41,4.9,0.057999999999999996,31.0,153.0,0.9966,3.27,0.51,9.7
7.0,0.975,0.04,2.0,0.087,12.0,67.0,0.99565,3.35,0.6,9.4
7.5,0.34,0.28,4.0,0.027999999999999997,46.0,100.0,0.9895799999999999,3.2,0.5,13.2
5.3,0.2,0.31,3.6,0.036000000000000004,22.0,91.0,0.9927799999999999,3.41,0.5,9.8
6.3,0.37,0.37,1.5,0.024,12.0,76.0,0.9887600000000001,2.94,0.39,12.3
7.5,0.29,0.36,15.7,0.05,29.0,124.0,0.9968,3.06,0.54,10.4
9.8,0.44,0.4,2.8,0.036000000000000004,35.0,167.0,0.9956,2.97,0.39,9.2
6.6,0.085,0.33,1.4,0.036000000000000004,17.0,109.0,0.99306,3.27,0.61,9.5
5.9,0.34,0.22,2.4,0.03,19.0,135.0,0.9894,3.41,0.78,13.9
6.5,0.46,0.24,11.5,0.051,56.0,171.0,0.9958799999999999,3.08,0.56,9.8
6.2,0.38,0.42,2.5,0.038,34.0,117.0,0.9913200000000001,3.36,0.59,11.6
5.4,0.185,0.19,7.1,0.048,36.0,110.0,0.9943799999999999,3.26,0.41,9.5
7.4,0.3,0.22,5.25,0.053,33.0,180.0,0.9926,3.13,0.45,11.6
8.2,0.23,0.37,1.3,0.042,39.0,117.0,0.9928,2.99,0.36,10.0
5.0,0.35,0.25,7.8,0.031,24.0,116.0,0.99241,3.39,0.4,11.3
7.4,0.2,0.37,16.95,0.048,43.0,190.0,0.9995,3.03,0.42,9.2
6.1,0.32,0.25,2.3,0.071,23.0,58.0,0.9963299999999999,3.42,0.97,10.6
6.1,0.68,0.52,1.4,0.037000000000000005,32.0,123.0,0.9902200000000001,3.24,0.45,12.0
6.0,0.22,0.33,12.2,0.033,25.0,97.0,0.99356,3.17,0.42,11.3
6.4,0.31,0.09,1.4,0.066,15.0,28.0,0.99459,3.42,0.7,10.0
7.0,0.22,0.28,10.6,0.039,32.0,117.0,0.99355,3.05,0.55,11.5
6.1,0.36,0.58,15.0,0.044000000000000004,42.0,115.0,0.9978,3.15,0.51,9.0
7.5,0.23,0.68,11.0,0.047,37.0,133.0,0.9978,2.99,0.38,8.8
5.5,0.29,0.3,1.1,0.022000000000000002,20.0,110.0,0.98869,3.34,0.38,12.8
7.3,0.22,0.49,9.9,0.031,48.0,161.0,0.9937,3.01,0.28,11.2
8.2,0.22,0.3,1.8,0.047,47.0,185.0,0.9933,3.13,0.5,10.2
7.2,0.27,0.28,15.2,0.046,6.0,41.0,0.99665,3.17,0.39,10.9
7.0,0.56,0.13,1.6,0.077,25.0,42.0,0.99629,3.34,0.59,9.2
9.2,0.14,0.37,1.1,0.034,36.0,84.0,0.99136,3.05,0.55,11.6
9.1,0.4,0.5,1.8,0.071,7.0,16.0,0.9946200000000001,3.21,0.69,12.5
6.8,0.21,0.55,14.6,0.053,34.0,159.0,0.99805,2.93,0.44,9.2
4.7,0.145,0.29,1.0,0.042,35.0,90.0,0.9908,3.76,0.49,11.3
6.4,0.15,0.25,7.8,0.05,13.0,68.0,0.9939399999999999,3.16,0.4,9.9
10.3,0.41,0.42,2.4,0.213,6.0,14.0,0.9994,3.19,0.62,9.5
6.7,0.675,0.07,2.4,0.08900000000000001,17.0,82.0,0.9958,3.35,0.54,10.1
6.0,0.24,0.27,1.9,0.048,40.0,170.0,0.9938,3.64,0.54,10.0
6.3,0.25,0.44,11.6,0.040999999999999995,48.0,195.0,0.9968,3.18,0.52,9.5
10.2,0.44,0.58,4.1,0.092,11.0,24.0,0.99745,3.29,0.99,12.0
8.8,0.2,0.28,1.1,0.018000000000000002,18.0,72.0,0.9926,2.97,0.35,10.4
5.6,0.175,0.29,0.8,0.043,20.0,67.0,0.9911200000000001,3.28,0.48,9.9
7.0,0.22,0.39,2.1,0.055,39.0,198.0,0.9951,3.52,0.54,10.2
9.2,0.71,0.23,6.2,0.042,15.0,93.0,0.9948,2.89,0.34,10.1
6.3,0.32,0.32,1.5,0.03,24.0,101.0,0.9892299999999999,3.21,0.42,13.0
6.4,0.38,0.19,4.5,0.038,36.0,119.0,0.99151,3.07,0.42,11.2
6.9,0.25,0.26,5.2,0.024,36.0,135.0,0.9948,3.16,0.72,10.7
6.8,0.36,0.32,1.8,0.067,4.0,8.0,0.9928,3.36,0.55,12.8
6.9,0.24,0.35,1.0,0.052000000000000005,35.0,146.0,0.993,3.45,0.44,10.0
6.4,0.16,0.44,1.2,0.051,39.0,122.0,0.9905799999999999,3.11,0.75,11.3
6.4,0.17,0.27,1.5,0.037000000000000005,20.0,98.0,0.9916,3.46,0.42,11.0
6.2,0.27,0.43,7.8,0.055999999999999994,48.0,244.0,0.9956,3.1,0.51,9.0
6.4,0.17,0.34,1.5,0.09300000000000001,43.0,136.0,0.9938,3.25,0.49,9.6
6.4,0.32,0.27,4.9,0.034,18.0,122.0,0.9916,3.36,0.71,12.5
7.4,0.33,0.26,15.6,0.049,67.0,210.0,0.9990700000000001,3.06,0.68,9.5
6.9,0.44,0.42,8.5,0.048,10.0,147.0,0.9974,3.32,0.46,9.5
6.6,0.21,0.29,5.35,0.028999999999999998,43.0,106.0,0.9911200000000001,2.93,0.43,11.5
6.6,0.22,0.23,17.3,0.047,37.0,118.0,0.9990600000000001,3.08,0.46,8.8
9.8,0.16,0.46,1.8,0.046,23.0,130.0,0.99587,3.04,0.67,9.6
6.8,0.24,0.4,1.8,0.047,34.0,105.0,0.99,3.13,0.49,12.8
7.0,0.23,0.4,1.6,0.063,21.0,67.0,0.9952,3.5,0.63,11.1
6.5,0.29,0.52,7.9,0.049,35.0,192.0,0.99551,3.16,0.51,9.5
7.6,0.27,0.32,1.2,0.043,23.0,72.0,0.99236,3.06,0.68,10.5
6.7,0.48,0.02,2.2,0.08,36.0,111.0,0.99524,3.1,0.53,9.7
6.6,0.32,0.47,15.6,0.063,27.0,173.0,0.99872,3.18,0.56,9.0
6.7,0.2,0.3,1.4,0.025,17.0,76.0,0.9910399999999999,3.11,0.44,11.0
6.3,0.26,0.25,7.8,0.057999999999999996,44.0,166.0,0.9961,3.24,0.41,9.0
5.3,0.57,0.01,1.7,0.054000000000000006,5.0,27.0,0.9934,3.57,0.84,12.5
10.6,1.02,0.43,2.9,0.076,26.0,88.0,0.9984,3.08,0.57,10.1
6.0,0.38,0.26,6.0,0.034,42.0,134.0,0.9912,3.38,0.38,12.3
8.1,0.2,0.36,9.7,0.044000000000000004,63.0,162.0,0.997,3.1,0.46,10.0
7.2,0.655,0.03,1.8,0.078,7.0,12.0,0.99587,3.34,0.39,9.5
6.7,0.15,0.32,7.9,0.034,17.0,81.0,0.9951200000000001,3.29,0.31,10.0
6.0,0.2,0.32,3.0,0.031,26.0,118.0,0.99134,3.38,0.68,11.2
6.1,0.715,0.1,2.6,0.053,13.0,27.0,0.9936200000000001,3.57,0.5,11.9
6.3,0.28,0.34,8.1,0.038,44.0,129.0,0.9924799999999999,3.26,0.29,12.1
6.1,0.18,0.36,2.0,0.038,20.0,249.5,0.9923,3.37,0.79,11.3
6.7,0.54,0.28,5.4,0.06,21.0,105.0,0.9949,3.27,0.37,9.0
6.2,0.37,0.3,6.6,0.34600000000000003,79.0,200.0,0.9954,3.29,0.58,9.6
6.4,0.69,0.09,7.6,0.044000000000000004,34.0,144.0,0.9948,3.26,0.38,10.1
6.9,0.33,0.26,5.0,0.027000000000000003,46.0,143.0,0.9924,3.25,0.43,11.2
6.2,0.7,0.15,5.1,0.076,13.0,27.0,0.9962200000000001,3.54,0.6,11.9
6.7,0.43,0.23,5.0,0.157,49.0,145.0,0.99471,3.17,0.49,9.4
6.2,0.27,0.32,8.8,0.047,65.0,224.0,0.9961,3.17,0.47,8.9
6.1,0.34,0.29,2.2,0.036000000000000004,25.0,100.0,0.9893799999999999,3.06,0.44,11.8
6.4,0.29,0.18,15.0,0.04,21.0,116.0,0.99736,3.14,0.5,9.2
7.4,0.31,0.26,8.6,0.048,47.0,206.0,0.9964,3.26,0.36,9.1
7.0,0.2,0.34,5.7,0.035,32.0,83.0,0.9928,3.19,0.46,11.5
6.8,0.56,0.22,1.8,0.07400000000000001,15.0,24.0,0.9943799999999999,3.4,0.82,11.2
6.2,0.15,0.27,11.0,0.035,46.0,116.0,0.9960200000000001,3.12,0.38,9.1
9.4,0.24,0.29,8.5,0.037000000000000005,124.0,208.0,0.99395,2.9,0.38,11.0
7.5,0.33,0.28,4.9,0.042,21.0,155.0,0.99385,3.36,0.57,10.9
6.0,0.26,0.32,3.8,0.028999999999999998,48.0,180.0,0.99011,3.15,0.34,12.0
6.4,0.31,0.38,2.9,0.038,19.0,102.0,0.9912,3.17,0.35,11.0
7.6,0.3,0.25,4.3,0.054000000000000006,22.0,111.0,0.9956,3.12,0.49,9.2
7.8,0.645,0.0,2.0,0.08199999999999999,8.0,16.0,0.9964,3.38,0.59,9.8
9.8,0.51,0.19,3.2,0.081,8.0,30.0,0.9984,3.23,0.58,10.5
6.8,0.62,0.08,1.9,0.068,28.0,38.0,0.99651,3.42,0.82,9.5
5.9,0.435,0.16,6.4,0.031,21.0,134.0,0.99151,3.24,0.46,12.2
6.0,0.22,0.28,1.1,0.034,47.0,90.0,0.98862,3.22,0.38,12.6
6.2,0.33,0.14,4.8,0.052000000000000005,27.0,128.0,0.99475,3.21,0.48,9.4
7.0,0.19,0.23,5.7,0.12300000000000001,27.0,104.0,0.9954,3.04,0.54,9.4
7.3,0.28,0.43,1.7,0.08,21.0,123.0,0.9905,3.19,0.42,12.8
5.4,0.46,0.15,2.1,0.026000000000000002,29.0,130.0,0.9895299999999999,3.39,0.77,13.4
7.1,0.46,0.2,1.9,0.077,28.0,54.0,0.9956,3.37,0.64,10.4
6.8,0.11,0.42,1.1,0.042,51.0,132.0,0.99059,3.18,0.74,11.3
10.8,0.4,0.41,2.2,0.084,7.0,17.0,0.9984,3.08,0.67,9.3
7.1,0.14,0.33,1.0,0.10400000000000001,20.0,54.0,0.9905700000000001,3.19,0.64,11.5
6.2,0.39,0.24,4.8,0.037000000000000005,45.0,138.0,0.99174,3.23,0.43,11.2
6.4,0.44,0.44,14.4,0.048,29.0,228.0,0.99955,3.26,0.54,8.8
7.0,0.3,0.32,6.4,0.034,28.0,97.0,0.9924,3.23,0.44,11.8
7.0,0.64,0.02,2.1,0.067,9.0,23.0,0.997,3.47,0.67,9.4
8.1,0.78,0.23,2.6,0.059000000000000004,5.0,15.0,0.997,3.37,0.56,11.3
9.8,0.5,0.49,2.6,0.25,5.0,20.0,0.9990000000000001,3.31,0.79,10.7
6.9,0.29,0.4,19.45,0.043,36.0,156.0,0.9996,2.93,0.47,8.9
5.8,0.29,0.05,0.8,0.038,11.0,30.0,0.9924,3.36,0.35,9.2
6.6,0.22,0.37,1.6,0.04,31.0,101.0,0.9900899999999999,3.15,0.66,12.0
7.2,0.28,0.38,2.0,0.052000000000000005,23.0,156.0,0.9912,3.13,0.52,11.1
6.1,0.14,0.25,1.3,0.047,37.0,173.0,0.9925,3.35,0.46,10.0
5.9,0.22,0.18,6.4,0.040999999999999995,28.0,120.0,0.99403,3.27,0.5,9.9
9.6,0.21,0.28,1.2,0.038,12.0,53.0,0.9926,2.8,0.46,10.6
7.8,0.3,0.29,16.85,0.054000000000000006,23.0,135.0,0.9998,3.16,0.38,9.0
6.9,0.28,0.28,12.2,0.042,52.0,139.0,0.9952200000000001,3.03,0.56,10.4
5.8,0.22,0.3,1.1,0.047,36.0,131.0,0.992,3.26,0.45,10.4
7.0,0.32,0.27,7.1,0.027000000000000003,37.0,122.0,0.99165,3.15,0.6,12.6
8.5,0.32,0.36,14.9,0.040999999999999995,47.0,190.0,0.9982,3.08,0.31,10.0
6.4,0.22,0.34,1.4,0.023,56.0,115.0,0.9895799999999999,3.18,0.7,11.7
8.4,0.24,0.49,7.4,0.039,46.0,108.0,0.9934,3.03,0.33,11.9
7.5,0.24,0.29,1.1,0.046,34.0,84.0,0.9902,3.04,0.39,11.45
6.2,0.33,0.29,1.3,0.042,26.0,138.0,0.9956,3.77,0.64,9.5
7.2,0.36,0.46,2.1,0.07400000000000001,24.0,44.0,0.99534,3.4,0.85,11.0
7.1,0.26,0.32,5.9,0.037000000000000005,39.0,97.0,0.9934,3.31,0.4,11.6
7.0,0.35,0.31,1.8,0.069,15.0,162.0,0.9944,3.18,0.47,9.4
8.3,0.26,0.42,2.0,0.08,11.0,27.0,0.9974,3.21,0.8,9.4
11.9,0.58,0.66,2.5,0.07200000000000001,6.0,37.0,0.9992,3.05,0.56,10.0
7.2,0.52,0.07,1.4,0.07400000000000001,5.0,20.0,0.9973,3.32,0.81,9.6
7.6,0.27,0.34,5.0,0.04,18.0,56.0,0.9908399999999999,3.06,0.48,12.4
7.2,0.695,0.13,2.0,0.076,12.0,20.0,0.99546,3.29,0.54,10.1
5.4,0.74,0.09,1.7,0.08900000000000001,16.0,26.0,0.9940200000000001,3.67,0.56,11.6
7.1,0.36,0.37,4.8,0.019,39.0,114.0,0.99036,3.08,0.49,12.7
7.0,0.685,0.0,1.9,0.099,9.0,22.0,0.9960600000000001,3.34,0.6,9.7
7.4,0.66,0.0,1.8,0.075,13.0,40.0,0.9978,3.51,0.56,9.4
8.1,0.22,0.43,1.5,0.044000000000000004,28.0,129.0,0.9938,3.22,0.45,11.0
7.2,0.23,0.38,6.1,0.067,20.0,90.0,0.9949600000000001,3.17,0.79,9.7
6.4,0.38,0.14,2.2,0.038,15.0,25.0,0.9951399999999999,3.44,0.65,11.1
6.6,0.725,0.2,7.8,0.073,29.0,79.0,0.9977,3.29,0.54,9.2
7.2,0.26,0.74,13.6,0.05,56.0,162.0,0.998,3.03,0.44,8.8
6.5,0.58,0.0,2.2,0.096,3.0,13.0,0.9955700000000001,3.62,0.62,11.5
6.7,0.265,0.22,8.6,0.048,54.0,198.0,0.9955,3.25,0.41,10.2
11.6,0.53,0.66,3.65,0.121,6.0,14.0,0.9978,3.05,0.74,11.5
6.9,0.685,0.0,2.5,0.105,22.0,37.0,0.9966,3.46,0.57,10.6
5.9,0.2,0.23,1.5,0.037000000000000005,38.0,93.0,0.99021,3.36,0.49,12.0
11.5,0.31,0.51,2.2,0.079,14.0,28.0,0.9982,3.03,0.93,9.8
5.9,0.26,0.24,2.4,0.046,27.0,132.0,0.99234,3.63,0.73,11.3
5.4,0.375,0.4,3.3,0.054000000000000006,29.0,147.0,0.99482,3.42,0.52,9.1
9.0,0.22,0.49,10.4,0.048,52.0,195.0,0.9987,3.31,0.44,10.2
9.4,0.42,0.32,6.5,0.027000000000000003,20.0,167.0,0.99479,3.08,0.43,10.6
6.5,0.3,0.27,4.0,0.038,37.0,97.0,0.99026,3.2,0.6,12.6
7.2,0.21,0.36,15.7,0.045,68.0,183.0,0.9992200000000001,3.25,0.76,9.4
13.0,0.47,0.49,4.3,0.085,6.0,47.0,1.0021,3.3,0.68,12.7
6.2,0.3,0.32,1.2,0.052000000000000005,32.0,185.0,0.99266,3.28,0.44,10.1
6.8,0.15,0.33,4.7,0.059000000000000004,31.0,118.0,0.9956,3.43,0.39,9.0
6.6,0.7,0.08,2.6,0.106,14.0,27.0,0.99665,3.44,0.58,10.2
11.9,0.38,0.49,2.7,0.098,12.0,42.0,1.0004,3.16,0.61,10.3
10.1,0.28,0.46,1.8,0.05,5.0,13.0,0.9974,3.04,0.79,10.2
7.6,0.37,0.51,11.7,0.094,58.0,181.0,0.9977600000000001,2.91,0.51,9.0
7.1,0.18,0.39,15.25,0.047,45.0,158.0,0.99946,3.34,0.77,9.1
4.8,0.17,0.28,2.9,0.03,22.0,111.0,0.9902,3.38,0.34,11.3
5.8,0.4,0.42,4.4,0.047,38.5,245.0,0.9937,3.25,0.57,9.6
6.9,0.52,0.25,2.6,0.081,10.0,37.0,0.99685,3.46,0.5,11.0
7.9,0.64,0.46,10.6,0.244,33.0,227.0,0.9983,2.87,0.74,9.1
7.4,0.22,0.28,9.0,0.046,22.0,121.0,0.9946799999999999,3.1,0.55,10.8
6.8,0.27,0.24,4.6,0.098,36.0,127.0,0.9941200000000001,3.15,0.49,9.6
5.7,0.25,0.21,1.5,0.044000000000000004,21.0,108.0,0.9914200000000001,3.3,0.59,11.0
7.8,0.5,0.3,1.9,0.075,8.0,22.0,0.9959,3.31,0.56,10.4
7.2,0.17,0.28,17.55,0.05,33.0,154.0,0.99971,2.94,0.43,9.0
7.0,0.17,0.33,4.0,0.034,17.0,127.0,0.9934,3.19,0.39,10.6
7.4,0.35,0.2,13.9,0.054000000000000006,63.0,229.0,0.9988799999999999,3.11,0.5,8.9
6.3,0.3,0.19,7.7,0.049,47.0,184.0,0.9951399999999999,3.22,0.48,9.5
7.0,0.32,0.35,1.5,0.039,24.0,125.0,0.9918,3.17,0.64,12.2
5.9,0.12,0.27,4.8,0.03,40.0,110.0,0.99226,3.55,0.68,12.1
6.5,0.885,0.0,2.3,0.166,6.0,12.0,0.99551,3.56,0.51,10.8
6.5,0.22,0.19,4.5,0.096,16.0,115.0,0.9937,3.02,0.44,9.6
7.3,0.23,0.24,0.9,0.031,29.0,86.0,0.98926,2.9,0.38,12.2
6.6,0.24,0.28,6.7,0.032,26.0,91.0,0.99172,3.13,0.32,12.3
5.9,0.22,0.45,22.6,0.12,55.0,122.0,0.99636,3.1,0.35,12.8
6.0,0.28,0.34,1.6,0.11900000000000001,33.0,104.0,0.9921,3.19,0.38,10.2
6.9,0.19,0.28,5.0,0.057999999999999996,14.0,146.0,0.9952,3.29,0.36,9.1
6.8,0.21,0.26,11.7,0.038,61.0,152.0,0.99523,3.02,0.56,10.5
6.0,0.44,0.26,3.1,0.053,57.0,128.0,0.98982,3.22,0.39,12.7
7.8,0.19,0.26,8.9,0.039,42.0,182.0,0.996,3.18,0.46,9.9
8.2,0.885,0.2,1.4,0.086,7.0,31.0,0.9946,3.11,0.46,10.0
6.6,0.26,0.46,6.9,0.047,59.0,183.0,0.9959399999999999,3.2,0.45,9.3
6.9,0.49,0.19,1.7,0.079,13.0,26.0,0.9954700000000001,3.38,0.64,9.8
7.2,0.14,0.35,1.2,0.036000000000000004,15.0,73.0,0.9938,3.46,0.39,9.9
5.5,0.14,0.27,4.6,0.028999999999999998,22.0,104.0,0.9949,3.34,0.44,9.0
6.3,0.26,0.24,7.2,0.039,38.0,172.0,0.9958,3.49,0.64,9.7
7.7,0.39,0.34,10.0,0.055999999999999994,35.0,178.0,0.9974,3.26,0.6,10.2
6.7,0.18,0.25,14.3,0.048,79.0,149.0,0.9975,3.12,0.37,9.7
8.2,0.38,0.49,13.6,0.042,58.0,166.0,0.99855,3.1,0.54,9.4
8.2,0.61,0.45,5.4,0.03,15.0,118.0,0.9954,3.14,0.34,9.6
8.4,0.27,0.46,8.7,0.048,39.0,197.0,0.9974,3.14,0.59,9.6
7.3,0.98,0.05,2.1,0.061,20.0,49.0,0.99705,3.31,0.55,9.7
7.2,0.6,0.2,9.9,0.07,21.0,174.0,0.9971,3.03,0.54,9.1
6.9,0.41,0.22,4.2,0.031,10.0,102.0,0.993,3.0,0.86,11.6
7.4,0.19,0.3,1.4,0.057,33.0,135.0,0.993,3.12,0.5,9.6
9.2,0.46,0.23,2.6,0.091,18.0,77.0,0.9992200000000001,3.15,0.51,9.4
7.0,0.16,0.3,2.6,0.043,34.0,90.0,0.9904700000000001,2.88,0.47,11.2
7.5,0.32,0.49,1.7,0.031,44.0,109.0,0.9906,3.07,0.46,12.5
7.9,0.27,0.27,1.7,0.034,25.0,122.0,0.9908799999999999,2.97,0.51,11.9
10.3,0.27,0.24,2.1,0.07200000000000001,15.0,33.0,0.9956,3.22,0.66,12.8
6.1,0.36,0.27,2.1,0.035,16.0,100.0,0.9917,3.4,0.71,11.5
8.5,0.23,0.4,9.9,0.036000000000000004,24.0,88.0,0.9951,3.02,0.42,10.5
6.7,0.3,0.29,2.8,0.025,37.0,107.0,0.99159,3.31,0.63,11.3
7.7,0.58,0.01,1.8,0.08800000000000001,12.0,18.0,0.9956799999999999,3.32,0.56,10.5
6.1,0.16,0.29,6.0,0.03,29.0,144.0,0.99474,3.68,0.46,10.7
9.8,0.37,0.39,2.5,0.079,28.0,65.0,0.99729,3.16,0.59,9.8
7.8,0.76,0.04,2.3,0.092,15.0,54.0,0.997,3.26,0.65,9.8
9.9,0.5,0.5,13.8,0.205,48.0,82.0,1.00242,3.16,0.75,8.8
5.2,0.6,0.07,7.0,0.044000000000000004,33.0,147.0,0.9944,3.33,0.58,9.7
6.8,0.26,0.24,1.9,0.043,70.0,154.0,0.9927299999999999,3.18,0.52,10.5
7.4,0.28,0.3,5.3,0.054000000000000006,44.0,161.0,0.9941,3.12,0.48,10.3
5.8,0.415,0.13,1.4,0.04,11.0,64.0,0.9922,3.29,0.52,10.5
6.7,0.26,0.26,4.0,0.079,35.5,216.0,0.9956,3.31,0.68,9.5
6.6,0.38,0.15,4.6,0.044000000000000004,25.0,78.0,0.9931,3.11,0.38,10.2
7.0,0.34,0.39,6.9,0.066,43.0,162.0,0.99561,3.11,0.53,9.5
8.0,0.74,0.21,4.0,0.05,24.0,133.0,0.99418,3.06,0.38,9.7
7.1,0.49,0.22,2.0,0.047,146.5,307.5,0.9924,3.24,0.37,11.0
6.6,0.64,0.28,4.4,0.032,19.0,78.0,0.99036,3.11,0.62,12.9
5.9,0.28,0.14,8.6,0.032,30.0,142.0,0.9954200000000001,3.28,0.44,9.5
6.7,0.31,0.42,6.4,0.057,25.0,148.0,0.9955,3.16,0.45,9.6
6.3,0.2,0.26,4.7,0.04,108.0,168.0,0.9927799999999999,3.07,0.75,10.7
6.6,0.22,0.28,4.9,0.042,51.0,180.0,0.9952,3.3,0.75,9.5
8.4,0.58,0.27,12.15,0.033,37.0,116.0,0.9959,2.99,0.39,10.8
9.4,0.28,0.3,1.6,0.045,36.0,139.0,0.99534,3.11,0.49,9.3
7.6,0.32,0.36,1.6,0.04,32.0,155.0,0.993,3.23,0.52,11.3
6.4,0.32,0.27,4.9,0.034,18.0,122.0,0.9916,3.36,0.71,12.5
6.4,0.26,0.24,6.4,0.04,27.0,124.0,0.9903,3.22,0.49,12.6
7.2,0.62,0.06,2.5,0.078,17.0,84.0,0.99746,3.51,0.53,9.7
6.9,0.27,0.25,7.5,0.03,18.0,117.0,0.99116,3.09,0.38,13.0
7.8,0.25,0.34,13.7,0.044000000000000004,66.0,184.0,0.99976,3.22,0.75,8.9
6.6,0.38,0.29,2.9,0.035,15.0,101.0,0.98916,3.04,0.37,12.5
5.7,0.22,0.2,16.0,0.044000000000000004,41.0,113.0,0.9986200000000001,3.22,0.46,8.9
8.0,0.62,0.33,2.7,0.08800000000000001,16.0,37.0,0.9972,3.31,0.58,10.7
6.4,0.38,0.2,5.3,0.11699999999999999,57.0,181.0,0.99459,3.24,0.43,9.5
6.2,0.23,0.36,17.2,0.039,37.0,130.0,0.99946,3.23,0.43,8.8
6.7,0.23,0.25,1.6,0.036000000000000004,28.0,143.0,0.99256,3.3,0.54,10.3
5.3,0.395,0.07,1.3,0.035,26.0,102.0,0.992,3.5,0.35,10.6
7.4,0.105,0.34,12.2,0.05,57.0,146.0,0.9973,3.16,0.37,9.0
8.1,0.17,0.44,14.1,0.053,43.0,145.0,1.0006,3.28,0.75,8.8
6.6,0.32,0.22,16.7,0.046,38.0,133.0,0.9979,3.22,0.67,10.4
7.3,0.51,0.29,11.3,0.034,61.0,224.0,0.9968299999999999,3.14,0.56,9.5
7.0,0.5,0.14,1.8,0.078,10.0,23.0,0.99636,3.53,0.61,10.4
7.8,0.28,0.49,1.3,0.046,27.0,142.0,0.9936,3.09,0.59,10.2
6.7,0.24,0.33,12.3,0.046,31.0,145.0,0.9983,3.36,0.4,9.5
5.8,0.27,0.26,3.5,0.071,26.0,69.0,0.9899399999999999,3.1,0.38,11.5
6.7,0.42,0.39,12.1,0.04,61.0,248.0,0.9979399999999999,3.31,0.58,9.7
7.6,0.42,0.25,3.9,0.10400000000000001,28.0,90.0,0.99784,3.15,0.57,9.1
6.0,0.28,0.24,17.8,0.047,42.0,111.0,0.9989600000000001,3.1,0.45,8.9
6.7,0.31,0.31,4.9,0.031,20.0,151.0,0.9926,3.36,0.82,12.0
7.6,0.33,0.36,2.1,0.034,26.0,172.0,0.9944,3.42,0.48,10.5
8.0,0.28,0.44,1.8,0.081,28.0,68.0,0.9950100000000001,3.36,0.66,11.2
6.7,0.41,0.27,2.6,0.033,25.0,85.0,0.9908600000000001,3.05,0.34,11.7
6.8,0.4,0.29,2.8,0.044000000000000004,27.0,97.0,0.9904,3.12,0.42,11.2
5.2,0.25,0.23,1.4,0.047,20.0,77.0,0.9900100000000001,3.32,0.62,11.4
8.6,0.36,0.26,11.1,0.03,43.5,171.0,0.9948,3.03,0.49,12.0
7.2,0.23,0.38,14.3,0.057999999999999996,55.0,194.0,0.9979,3.09,0.44,9.0
5.7,0.39,0.25,4.9,0.033,49.0,113.0,0.98966,3.26,0.58,13.1
7.4,0.785,0.19,5.2,0.094,19.0,98.0,0.99713,3.16,0.52,9.6
6.6,0.57,0.02,2.1,0.115,6.0,16.0,0.99654,3.38,0.69,9.5
6.9,0.44,0.18,11.8,0.051,26.0,126.0,0.9975,3.23,0.48,9.1
8.9,0.62,0.19,3.9,0.17,51.0,148.0,0.9986,3.17,0.93,9.2
6.8,0.18,0.28,8.7,0.047,52.0,242.0,0.9952,3.22,0.53,10.5
7.2,0.2,0.61,16.2,0.043,14.0,103.0,0.9987,3.06,0.36,9.2
10.4,0.52,0.45,2.0,0.08,6.0,13.0,0.99774,3.22,0.76,11.4
5.6,0.18,0.58,1.25,0.034,29.0,129.0,0.9898399999999999,3.51,0.6,12.0
9.4,0.685,0.26,2.4,0.08199999999999999,23.0,143.0,0.9978,3.28,0.55,9.4
5.7,0.2,0.3,2.5,0.046,38.0,125.0,0.9927600000000001,3.34,0.5,9.9
7.9,0.18,0.49,5.2,0.051,36.0,157.0,0.9953,3.18,0.48,10.6
7.0,0.57,0.02,2.0,0.07200000000000001,17.0,26.0,0.99575,3.36,0.61,10.2
6.2,0.28,0.33,1.7,0.028999999999999998,24.0,111.0,0.99,3.24,0.5,12.1
9.0,0.39,0.4,1.3,0.044000000000000004,25.0,50.0,0.9947799999999999,3.2,0.83,10.9
7.3,0.19,0.27,13.9,0.057,45.0,155.0,0.9980700000000001,2.94,0.41,8.8
5.8,0.35,0.29,3.2,0.034,41.0,151.0,0.9912,3.35,0.58,11.63333333
6.7,0.46,0.18,2.4,0.034,25.0,98.0,0.9896,3.08,0.44,12.6
8.3,0.2,0.74,4.45,0.044000000000000004,33.0,130.0,0.9924,3.25,0.42,12.2
6.8,0.24,0.35,6.4,0.048,44.0,172.0,0.9944,3.29,0.55,10.5
9.5,0.86,0.26,1.9,0.079,13.0,28.0,0.9971200000000001,3.25,0.62,10.0
6.6,0.38,0.28,2.8,0.043,17.0,67.0,0.98924,3.21,0.47,13.2
6.4,0.31,0.53,8.8,0.057,36.0,221.0,0.9964200000000001,3.17,0.44,9.1
6.6,0.36,0.52,10.1,0.05,29.0,140.0,0.9962799999999999,3.07,0.4,9.4
7.1,0.26,0.19,8.2,0.051,53.0,187.0,0.996,3.16,0.52,9.7
6.2,0.3,0.3,2.5,0.040999999999999995,29.0,82.0,0.99065,3.31,0.61,11.8
7.3,0.24,0.34,7.5,0.048,29.0,152.0,0.9962,3.1,0.54,9.0
6.3,0.24,0.29,1.6,0.052000000000000005,48.0,185.0,0.9934,3.21,0.5,9.4
7.1,0.22,0.33,2.8,0.033,48.0,153.0,0.9899,3.15,0.38,12.7
6.6,0.19,0.41,8.9,0.046,51.0,169.0,0.9954,3.14,0.57,9.8
6.3,0.32,0.26,12.0,0.049,63.0,170.0,0.9961,3.14,0.55,9.9
5.7,0.21,0.32,1.6,0.03,33.0,122.0,0.99044,3.33,0.52,11.9
6.3,0.2,0.18,10.6,0.045,57.0,159.0,0.99666,3.09,0.54,9.2
6.2,0.32,0.24,4.1,0.051,34.0,149.0,0.99306,3.36,0.52,11.0
7.1,0.32,0.24,13.1,0.05,52.0,204.0,0.998,3.1,0.49,8.8
7.3,0.29,0.29,4.6,0.028999999999999998,27.0,155.0,0.9931,3.07,0.26,10.6
6.9,0.16,0.35,1.3,0.043,21.0,182.0,0.9927,3.25,0.62,10.8
6.4,0.3,0.45,3.5,0.19699999999999998,76.0,180.0,0.9942,3.02,0.39,9.1
6.6,0.56,0.15,10.0,0.037000000000000005,38.0,157.0,0.9964200000000001,3.28,0.52,9.4
8.3,0.36,0.57,15.0,0.052000000000000005,35.0,256.0,1.0001,2.93,0.64,8.6
7.5,0.28,0.34,4.2,0.027999999999999997,36.0,116.0,0.991,2.99,0.41,12.3
11.1,0.31,0.49,2.7,0.094,16.0,47.0,0.9986,3.12,1.02,10.6
9.6,0.77,0.12,2.9,0.08199999999999999,30.0,74.0,0.99865,3.3,0.64,10.4
6.1,0.17,0.21,1.9,0.09,44.0,130.0,0.99255,3.07,0.41,9.7
5.7,0.16,0.26,6.3,0.043,28.0,113.0,0.9936,3.06,0.58,9.9
6.5,0.3,0.39,7.8,0.038,61.0,219.0,0.9959,3.19,0.5,9.4
7.0,0.34,0.1,3.5,0.044000000000000004,17.0,63.0,0.9937,3.01,0.39,9.2
8.0,0.26,0.36,2.0,0.054000000000000006,30.0,121.0,0.992,3.09,0.72,11.6
6.5,0.28,0.35,9.8,0.067,61.0,180.0,0.9972,3.15,0.57,9.0
7.3,0.26,0.36,5.2,0.04,31.0,141.0,0.9931,3.16,0.59,11.0
6.7,0.4,0.22,8.8,0.052000000000000005,24.0,113.0,0.9957600000000001,3.22,0.45,9.4
7.6,0.27,0.33,2.0,0.059000000000000004,19.0,175.0,0.9944,3.22,0.56,9.9
7.0,0.2,0.74,0.8,0.044000000000000004,19.0,163.0,0.9931,3.46,0.53,10.2
6.1,0.15,0.29,6.2,0.046,39.0,151.0,0.99471,3.6,0.44,10.6
6.9,0.35,0.39,2.4,0.048,25.0,157.0,0.9913299999999999,3.2,0.54,11.1
7.0,0.805,0.0,2.5,0.068,7.0,20.0,0.9969,3.48,0.56,9.6
11.8,0.38,0.55,2.1,0.071,5.0,19.0,0.9986,3.11,0.62,10.8
7.1,0.21,0.31,3.8,0.021,40.0,142.0,0.99215,3.17,0.39,10.8
9.3,0.655,0.26,2.0,0.096,5.0,35.0,0.9973799999999999,3.25,0.42,9.6
7.8,0.2,0.24,1.6,0.026000000000000002,26.0,189.0,0.991,3.08,0.74,12.1
8.1,0.25,0.34,10.1,0.05,30.0,121.0,0.99724,3.17,0.49,10.1
6.9,0.75,0.13,6.3,0.036000000000000004,19.0,50.0,0.9931200000000001,3.09,0.25,11.1
6.4,0.22,0.49,7.5,0.054000000000000006,42.0,151.0,0.9948,3.27,0.52,10.1
6.5,0.3,0.28,11.45,0.040999999999999995,29.0,109.0,0.99418,2.98,0.3,10.9
6.8,0.16,0.36,1.3,0.034,32.0,98.0,0.9905799999999999,3.02,0.58,11.3
6.4,0.33,0.3,7.2,0.040999999999999995,42.0,168.0,0.99331,3.22,0.49,11.1
9.7,0.66,0.34,2.6,0.094,12.0,88.0,0.9979600000000001,3.26,0.66,10.1
6.2,0.22,0.28,2.2,0.04,24.0,125.0,0.9917,3.19,0.48,10.5
7.4,0.24,0.42,14.0,0.066,48.0,198.0,0.9979,2.89,0.42,8.9
5.8,0.19,0.25,10.8,0.042,33.0,124.0,0.99646,3.22,0.41,9.2
7.5,0.19,0.34,2.6,0.037000000000000005,33.0,125.0,0.9923,3.1,0.49,11.1
7.0,0.26,0.34,10.9,0.038,25.0,84.0,0.9943200000000001,3.11,0.34,10.9
6.2,0.32,0.45,2.9,0.028999999999999998,37.0,94.0,0.98998,3.25,0.6,12.4
7.5,0.38,0.5,12.8,0.042,57.0,184.0,0.9984,3.09,0.46,9.0
6.8,0.19,0.4,9.85,0.055,41.0,103.0,0.9953200000000001,2.98,0.56,10.5
6.9,0.27,0.49,23.5,0.057,59.0,235.0,1.0024,2.98,0.47,8.6
6.1,0.27,0.32,6.2,0.048,47.0,161.0,0.9928100000000001,3.22,0.6,11.0
6.7,0.42,0.27,8.6,0.068,24.0,148.0,0.9948,3.16,0.57,11.3
6.6,0.56,0.14,2.4,0.064,13.0,29.0,0.99397,3.42,0.62,11.7
7.7,0.24,0.31,1.3,0.047,33.0,106.0,0.993,3.22,0.55,10.8
8.9,0.4,0.32,5.6,0.087,10.0,47.0,0.9991,3.38,0.77,10.5
7.0,0.36,0.25,5.7,0.015,14.0,73.0,0.9896299999999999,2.82,0.59,13.2
7.8,0.735,0.08,2.4,0.092,10.0,41.0,0.9974,3.24,0.71,9.8
7.3,0.24,0.34,15.4,0.05,38.0,174.0,0.9983,3.03,0.42,9.0
8.0,0.26,0.28,4.8,0.05,34.0,150.0,0.9943700000000001,3.13,0.5,10.0
7.7,0.715,0.01,2.1,0.064,31.0,43.0,0.99371,3.41,0.57,11.8
7.1,0.28,0.35,3.5,0.027999999999999997,35.0,91.0,0.9902200000000001,2.96,0.33,12.1
4.6,0.445,0.0,1.4,0.053,11.0,178.0,0.99426,3.79,0.55,10.2
8.0,0.52,0.25,2.0,0.078,19.0,59.0,0.9961200000000001,3.3,0.48,10.2
7.0,0.23,0.42,18.05,0.05,35.0,144.0,0.9999,3.22,0.42,8.8
9.2,0.34,0.54,17.3,0.06,46.0,235.0,1.0018200000000002,3.08,0.61,8.8
9.1,0.64,0.23,3.1,0.095,13.0,38.0,0.9998,3.28,0.59,9.7
5.6,0.205,0.16,12.55,0.051,31.0,115.0,0.99564,3.4,0.38,10.8
6.8,0.66,0.07,1.6,0.07,16.0,61.0,0.99572,3.29,0.6,9.3
5.8,0.23,0.21,1.5,0.044000000000000004,21.0,110.0,0.9913799999999999,3.3,0.57,11.0
10.5,0.43,0.35,3.3,0.092,24.0,70.0,0.99798,3.21,0.69,10.5
6.6,0.12,0.25,1.4,0.039,21.0,131.0,0.9911399999999999,3.2,0.45,11.2
6.1,0.25,0.28,10.0,0.055,56.0,131.0,0.9940000000000001,3.22,0.35,10.9
6.4,0.24,0.23,2.0,0.046,30.0,133.0,0.9908,3.12,0.54,11.4
6.9,0.19,0.31,19.25,0.043,38.0,167.0,0.99954,2.93,0.52,9.1
7.0,0.28,0.39,8.7,0.051,32.0,141.0,0.9961,3.38,0.53,10.5
7.3,0.69,0.32,2.2,0.069,35.0,104.0,0.9963200000000001,3.33,0.51,9.5
7.5,0.705,0.1,13.0,0.044000000000000004,44.0,214.0,0.99741,3.1,0.5,9.1
7.5,0.38,0.57,2.3,0.106,5.0,12.0,0.99605,3.36,0.55,11.4
6.8,0.28,0.34,7.5,0.035,34.0,177.0,0.99692,3.33,0.43,9.1
6.8,0.22,0.29,8.9,0.046,82.0,188.0,0.9955,3.3,0.44,10.3
5.6,0.85,0.05,1.4,0.045,12.0,88.0,0.9924,3.56,0.82,12.9
6.0,0.2,0.24,1.8,0.03,30.0,105.0,0.9909,3.31,0.47,11.5
5.6,0.32,0.33,7.4,0.037000000000000005,25.0,95.0,0.9926799999999999,3.25,0.49,11.1
6.5,0.36,0.31,4.1,0.061,20.0,134.0,0.99475,3.18,0.45,9.0
6.4,0.24,0.31,2.8,0.038,41.0,114.0,0.99155,3.37,0.66,11.7
5.7,0.135,0.3,4.6,0.042,19.0,101.0,0.9946,3.31,0.42,9.3
6.6,0.14,0.44,1.6,0.042,47.0,140.0,0.993,3.32,0.51,10.2
10.0,0.49,0.2,11.0,0.071,13.0,50.0,1.0015,3.16,0.69,9.2
6.1,0.28,0.27,8.0,0.048,41.0,162.0,0.99498,3.21,0.51,9.9
7.8,0.3,0.29,16.85,0.054000000000000006,23.0,135.0,0.9998,3.16,0.38,9.0
6.8,0.67,0.02,1.8,0.05,5.0,11.0,0.9962,3.48,0.52,9.5
8.8,0.41,0.64,2.2,0.09300000000000001,9.0,42.0,0.9986,3.54,0.66,10.5
8.1,0.575,0.22,2.1,0.077,12.0,65.0,0.9967,3.29,0.51,9.2
6.4,0.46,0.22,14.7,0.047,51.0,183.0,0.998275,3.39,0.6,10.5
8.8,0.24,0.35,1.7,0.055,13.0,27.0,0.9939399999999999,3.14,0.59,11.3
6.9,0.28,0.27,2.1,0.036000000000000004,42.0,121.0,0.9926,3.42,0.49,10.8
6.9,0.14,0.38,1.0,0.040999999999999995,22.0,81.0,0.9904299999999999,3.03,0.54,11.4
7.6,0.285,0.32,14.6,0.063,32.0,201.0,0.998,3.0,0.45,9.2
8.5,0.15,0.49,1.5,0.031,17.0,122.0,0.9932,3.03,0.4,10.3
7.3,0.24,0.43,2.0,0.021,20.0,69.0,0.99,3.08,0.56,12.2
10.0,0.23,0.27,14.1,0.033,45.0,166.0,0.9988,2.72,0.43,9.7
6.9,0.23,0.34,2.7,0.032,24.0,121.0,0.9902,3.14,0.38,12.4
9.7,0.24,0.45,1.2,0.033,11.0,59.0,0.9926,2.74,0.47,10.8
8.0,0.31,0.45,2.1,0.21600000000000003,5.0,16.0,0.9935799999999999,3.15,0.81,12.5
9.0,0.69,0.0,2.4,0.08800000000000001,19.0,38.0,0.9990000000000001,3.35,0.6,9.3
6.4,0.16,0.22,1.4,0.04,41.0,149.0,0.9933,3.49,0.58,10.0
5.8,0.26,0.29,1.0,0.042,35.0,101.0,0.99044,3.36,0.48,11.4
10.6,1.025,0.43,2.8,0.08,21.0,84.0,0.9985,3.06,0.57,10.1
6.6,0.26,0.29,1.4,0.039,13.0,67.0,0.9915,3.05,0.49,10.9
5.3,0.36,0.27,6.3,0.027999999999999997,40.0,132.0,0.9918600000000001,3.37,0.4,11.6
5.6,0.34,0.3,6.9,0.038,23.0,89.0,0.99266,3.25,0.49,11.1
6.1,0.6,0.08,1.8,0.071,14.0,45.0,0.99336,3.38,0.54,11.0
6.7,0.16,0.36,2.0,0.045,24.0,131.0,0.99284,3.3,0.59,10.5
10.8,0.32,0.44,1.6,0.063,16.0,37.0,0.9985,3.22,0.78,10.0
6.3,0.26,0.42,7.1,0.045,62.0,209.0,0.99544,3.2,0.53,9.5
8.0,0.43,0.4,12.4,0.168,29.0,190.0,0.9991,3.07,0.64,9.2
6.6,0.8,0.03,7.8,0.079,6.0,12.0,0.9963,3.52,0.5,12.2
6.6,0.32,0.36,8.0,0.047,57.0,168.0,0.9949,3.15,0.46,9.6
7.1,0.62,0.06,1.3,0.07,5.0,12.0,0.9942,3.17,0.48,9.8
5.9,0.395,0.13,2.4,0.055999999999999994,14.0,28.0,0.9936200000000001,3.62,0.67,12.4
5.8,0.2,0.16,1.4,0.042,44.0,99.0,0.9891200000000001,3.23,0.37,12.2
6.2,0.2,0.31,1.0,0.031,22.0,73.0,0.99035,3.24,0.52,11.3
6.5,0.25,0.27,17.4,0.064,29.0,140.0,0.9977600000000001,3.2,0.49,10.1
5.7,0.26,0.25,10.4,0.02,7.0,57.0,0.9940000000000001,3.39,0.37,10.6
6.1,0.38,0.42,5.0,0.016,31.0,113.0,0.9900700000000001,3.15,0.31,12.4
5.2,0.2,0.27,3.2,0.047,16.0,93.0,0.99235,3.44,0.53,10.1
7.4,0.28,0.5,12.1,0.049,48.0,122.0,0.9973,3.01,0.44,9.0
9.0,0.36,0.52,2.1,0.111,5.0,10.0,0.9956799999999999,3.31,0.62,11.3
7.0,0.27,0.74,1.5,0.036000000000000004,27.0,122.0,0.9926,3.35,0.48,11.2
6.6,0.24,0.38,8.0,0.042,56.0,187.0,0.99577,3.21,0.46,9.2
7.5,0.21,0.68,10.9,0.045,38.0,133.0,0.9978,3.0,0.36,8.7
5.8,0.28,0.34,4.0,0.031,40.0,99.0,0.9896,3.39,0.39,12.8
6.4,0.28,0.29,1.6,0.052000000000000005,34.0,127.0,0.9929,3.48,0.56,10.5
10.5,0.51,0.64,2.4,0.107,6.0,15.0,0.9973,3.09,0.66,11.8
9.7,0.24,0.49,4.9,0.032,3.0,18.0,0.9936799999999999,2.85,0.54,10.0
6.9,0.22,0.37,15.0,0.053,59.0,178.0,0.9992,3.37,0.82,9.5
7.3,0.66,0.0,2.0,0.084,6.0,23.0,0.9983,3.61,0.96,9.9
8.3,0.27,0.45,1.3,0.048,8.0,72.0,0.9944,3.08,0.61,10.3
6.3,0.15,0.34,11.4,0.05,25.0,96.0,0.99754,3.21,0.49,10.0
8.3,0.21,0.4,1.6,0.032,35.0,110.0,0.9907,3.02,0.6,12.9
6.0,0.25,0.28,2.2,0.026000000000000002,54.0,126.0,0.9898,3.43,0.65,12.9
7.0,0.44,0.24,12.1,0.055999999999999994,68.0,210.0,0.99718,3.05,0.5,9.5
7.2,0.26,0.26,12.7,0.036000000000000004,49.0,214.0,0.9986,3.41,0.5,10.0
7.0,0.35,0.3,6.5,0.027999999999999997,27.0,87.0,0.9936,3.4,0.42,11.4
6.5,0.24,0.28,1.1,0.034,26.0,83.0,0.9892799999999999,3.25,0.33,12.3
6.0,0.16,0.37,1.5,0.025,43.0,117.0,0.9928,3.46,0.51,9.7
6.6,0.24,0.22,12.3,0.051,35.0,146.0,0.9967600000000001,3.1,0.67,9.4
8.4,0.28,0.4,8.9,0.048,33.0,146.0,0.9988,3.4,0.46,9.3
12.6,0.38,0.66,2.6,0.08800000000000001,10.0,41.0,1.001,3.17,0.68,9.8
6.6,0.18,0.35,1.5,0.049,49.0,141.0,0.9934,3.43,0.85,10.2
6.5,0.36,0.31,13.55,0.053,20.0,113.0,0.99544,3.2,0.56,11.0
7.2,0.37,0.4,11.6,0.032,34.0,214.0,0.9963,3.1,0.51,9.8
6.0,0.34,0.24,5.4,0.06,23.0,126.0,0.9951,3.25,0.44,9.0
7.0,0.12,0.32,7.2,0.057999999999999996,22.0,89.0,0.9966,3.29,0.38,9.2
9.1,0.795,0.0,2.6,0.096,11.0,26.0,0.9994,3.35,0.83,9.4
9.0,0.31,0.48,6.6,0.043,11.0,73.0,0.9938,2.9,0.38,11.6
5.7,0.27,0.16,9.0,0.053,32.0,111.0,0.99474,3.36,0.37,10.4
8.5,0.655,0.49,6.1,0.122,34.0,151.0,1.001,3.31,1.14,9.3
7.8,0.56,0.19,2.1,0.081,15.0,105.0,0.9962,3.33,0.54,9.5
7.3,0.32,0.48,13.3,0.06,57.0,196.0,0.9982,3.04,0.5,9.2
6.8,0.3,0.22,6.2,0.06,41.0,190.0,0.9985799999999999,3.18,0.51,9.2
6.2,0.63,0.31,1.7,0.08800000000000001,15.0,64.0,0.9969,3.46,0.79,9.3
7.2,0.605,0.02,1.9,0.096,10.0,31.0,0.995,3.46,0.53,11.8
6.8,0.25,0.27,10.7,0.076,47.0,154.0,0.9967,3.05,0.38,9.0
8.8,0.61,0.14,2.4,0.067,10.0,42.0,0.9969,3.19,0.59,9.5
6.3,0.23,0.22,17.45,0.054000000000000006,42.0,151.0,0.9985299999999999,3.12,0.6,9.3
7.0,0.32,0.31,6.4,0.031,38.0,115.0,0.99235,3.38,0.58,12.2
8.2,0.28,0.6,3.0,0.10400000000000001,10.0,22.0,0.99828,3.39,0.68,10.6
8.4,0.39,0.1,1.7,0.075,6.0,25.0,0.9958100000000001,3.09,0.43,9.7
7.8,0.23,0.28,4.75,0.042,45.0,166.0,0.9928,2.96,0.4,11.5
6.0,0.28,0.25,1.8,0.042,8.0,108.0,0.9929,3.08,0.55,9.0
4.8,0.34,0.0,6.5,0.027999999999999997,33.0,163.0,0.9939,3.36,0.61,9.9
6.3,0.12,0.36,2.1,0.044000000000000004,47.0,146.0,0.9914,3.27,0.74,11.4
6.0,0.13,0.36,1.6,0.052000000000000005,23.0,72.0,0.98974,3.1,0.5,11.5
8.2,0.24,0.34,5.1,0.062,8.0,22.0,0.9974,3.22,0.94,10.9
10.8,0.47,0.43,2.1,0.171,27.0,66.0,0.9982,3.17,0.76,10.8
5.4,0.18,0.24,4.8,0.040999999999999995,30.0,113.0,0.99445,3.42,0.4,9.4
8.1,0.27,0.33,1.3,0.045,26.0,100.0,0.99066,2.98,0.44,12.4
7.8,0.31,0.4,1.6,0.027000000000000003,20.0,87.0,0.9911,3.15,0.48,11.9
6.8,0.815,0.0,1.2,0.267,16.0,29.0,0.99471,3.32,0.51,9.8
5.2,0.645,0.0,2.15,0.08,15.0,28.0,0.99444,3.78,0.61,12.5
5.2,0.49,0.26,2.3,0.09,23.0,74.0,0.9953,3.71,0.62,12.2
7.0,0.21,0.34,8.0,0.057,19.0,101.0,0.9954,2.99,0.59,9.4
8.1,0.26,0.3,7.8,0.049,39.0,152.0,0.9954,2.99,0.58,10.0
7.2,0.17,0.37,6.9,0.059000000000000004,47.0,128.0,0.9932200000000001,3.08,0.46,11.0
7.0,0.24,0.34,3.0,0.035,36.0,102.0,0.9905,3.18,0.43,12.2
6.1,0.36,0.33,1.1,0.05,24.0,169.0,0.9927,3.15,0.78,9.5
7.7,0.29,0.29,4.8,0.06,27.0,156.0,0.99572,3.49,0.59,10.3
6.2,0.25,0.42,8.0,0.049,53.0,206.0,0.9958600000000001,3.16,0.47,9.1
7.5,0.31,0.51,14.8,0.039,62.0,204.0,0.9982,3.06,0.6,9.5
7.3,0.25,0.36,2.1,0.034,30.0,177.0,0.99085,3.25,0.4,11.9
8.9,0.24,0.33,15.75,0.035,16.0,132.0,0.996,3.0,0.37,12.1
6.8,0.11,0.27,8.6,0.044000000000000004,45.0,104.0,0.99454,3.2,0.37,9.9
12.0,0.38,0.56,2.1,0.09300000000000001,6.0,24.0,0.99925,3.14,0.71,10.9
6.6,0.25,0.3,1.6,0.046,32.0,134.0,0.993,3.42,0.51,10.1
7.6,0.52,0.49,14.0,0.034,37.0,156.0,0.9958,3.14,0.38,11.8
7.4,0.25,0.36,2.05,0.05,31.0,100.0,0.992,3.19,0.44,10.8
6.2,0.23,0.35,0.7,0.051,24.0,111.0,0.9916,3.37,0.43,11.0
8.1,0.545,0.18,1.9,0.08,13.0,35.0,0.9972,3.3,0.59,9.0
7.3,0.585,0.18,2.4,0.078,15.0,60.0,0.9963799999999999,3.31,0.54,9.8
8.1,0.46,0.31,1.7,0.052000000000000005,50.0,183.0,0.9923,3.03,0.42,11.2
6.0,0.25,0.28,7.7,0.053,37.0,132.0,0.9948899999999999,3.06,0.5,9.4
8.8,0.42,0.21,2.5,0.092,33.0,88.0,0.99823,3.19,0.52,9.2
7.1,0.25,0.49,3.0,0.03,30.0,96.0,0.9903,3.13,0.39,12.3
6.1,0.22,0.28,16.55,0.059000000000000004,54.0,135.0,0.99665,3.2,0.38,10.5
6.4,0.35,0.28,12.6,0.039,19.0,124.0,0.99539,3.2,0.43,10.6
11.8,0.23,0.38,11.1,0.034,15.0,123.0,0.9997,2.93,0.55,9.7
7.3,0.14,0.49,1.1,0.038,28.0,99.0,0.9928,3.2,0.72,10.6
9.9,0.54,0.26,2.0,0.111,7.0,60.0,0.9970899999999999,2.94,0.98,10.2
7.4,0.33,0.26,15.6,0.049,67.0,210.0,0.9990700000000001,3.06,0.68,9.5
8.3,0.31,0.39,2.4,0.078,17.0,43.0,0.99444,3.31,0.77,12.5
6.6,0.31,0.07,1.5,0.033,55.0,144.0,0.99208,3.16,0.42,10.0
7.2,0.44,0.28,3.4,0.048,22.0,112.0,0.9918799999999999,3.21,0.37,11.3
6.8,0.39,0.31,14.35,0.043,28.0,162.0,0.9988,3.17,0.54,9.1
9.5,0.42,0.41,2.3,0.034,22.0,145.0,0.9951,3.06,0.52,11.0
11.9,0.4,0.65,2.15,0.068,7.0,27.0,0.9988,3.06,0.68,11.3
6.5,0.38,0.34,3.4,0.036000000000000004,34.0,200.0,0.9937,3.14,0.76,10.0
4.8,0.225,0.38,1.2,0.07400000000000001,47.0,130.0,0.9913200000000001,3.31,0.4,10.3
7.5,0.58,0.56,3.1,0.153,5.0,14.0,0.9947600000000001,3.21,1.03,11.6
7.7,0.3,0.23,2.0,0.068,28.0,138.0,0.99382,3.11,0.62,9.8
7.3,0.25,0.29,7.5,0.049,38.0,158.0,0.9965,3.43,0.38,9.6
7.0,0.14,0.41,0.9,0.037000000000000005,22.0,95.0,0.9914,3.25,0.43,10.9
6.2,0.22,0.3,12.4,0.054000000000000006,108.0,152.0,0.9972799999999999,3.1,0.47,9.5
6.0,0.24,0.41,1.3,0.036000000000000004,42.0,118.0,0.99018,3.04,0.64,11.73333333
7.8,0.46,0.26,1.9,0.08800000000000001,23.0,53.0,0.9981,3.43,0.74,9.2
7.1,0.22,0.74,2.7,0.044000000000000004,42.0,144.0,0.991,3.31,0.41,12.2
7.0,0.31,0.29,1.4,0.037000000000000005,33.0,128.0,0.9896,3.12,0.36,12.2
8.2,0.2,0.36,8.1,0.035,60.0,163.0,0.9952,3.05,0.3,10.3
8.4,0.2,0.27,6.3,0.048,30.0,143.0,0.9966,3.25,0.5,9.1
6.9,0.44,0.42,8.5,0.048,10.0,147.0,0.9974,3.32,0.46,9.5
7.0,0.15,0.34,1.4,0.039,21.0,177.0,0.9927,3.32,0.62,10.8
8.2,0.64,0.27,2.0,0.095,5.0,77.0,0.9974700000000001,3.13,0.62,9.1
7.1,0.47,0.24,6.0,0.044000000000000004,11.0,77.0,0.9956,3.21,0.56,9.7
6.7,0.42,0.39,12.1,0.04,61.0,248.0,0.9979399999999999,3.31,0.58,9.7
6.5,0.33,0.32,1.0,0.040999999999999995,39.0,120.0,0.9900399999999999,3.06,0.37,12.2
6.5,0.18,0.33,8.0,0.051,16.0,131.0,0.9965,3.28,0.44,8.7
6.0,0.29,0.41,10.8,0.048,55.0,149.0,0.9937,3.09,0.59,11.0
7.7,0.3,0.32,1.6,0.037000000000000005,23.0,124.0,0.9919,2.93,0.33,11.0
6.0,0.22,0.23,5.0,0.045,10.0,122.0,0.99261,2.94,0.63,10.0
8.4,0.62,0.09,2.2,0.084,11.0,108.0,0.9964,3.15,0.66,9.8
6.9,0.24,0.36,20.8,0.031,40.0,139.0,0.9975,3.2,0.33,11.0
7.7,0.38,0.23,10.8,0.03,28.0,95.0,0.99164,2.93,0.41,13.6
6.8,0.37,0.51,11.8,0.044000000000000004,62.0,163.0,0.9976,3.19,0.44,8.8
7.0,0.21,0.28,8.7,0.045,37.0,222.0,0.9954,3.25,0.54,10.4
7.4,0.21,0.3,8.1,0.047,13.0,114.0,0.9941,3.12,0.35,10.5
7.0,0.23,0.28,2.7,0.053,16.0,92.0,0.99372,3.18,0.56,9.3
6.1,0.2,0.17,1.6,0.048,46.0,129.0,0.991,3.3,0.43,11.4
8.1,0.34,0.28,7.5,0.04,70.0,230.0,0.9955799999999999,3.14,0.55,9.8
6.4,0.3,0.27,4.4,0.055,17.0,135.0,0.9925,3.23,0.44,12.2
7.4,0.31,0.48,14.2,0.042,62.0,204.0,0.9983,3.06,0.59,9.4
6.0,0.19,0.29,1.1,0.047,67.0,152.0,0.9916,3.54,0.59,11.1
7.1,0.26,0.3,2.0,0.031,13.0,128.0,0.9917,3.19,0.49,11.4
4.8,0.29,0.23,1.1,0.044000000000000004,38.0,180.0,0.98924,3.28,0.34,11.9
7.6,0.2,0.36,1.9,0.043,24.0,111.0,0.9923700000000001,3.29,0.54,11.3
6.1,0.28,0.27,4.7,0.03,56.0,140.0,0.9904200000000001,3.16,0.42,12.5
7.2,0.18,0.45,4.4,0.046,57.0,166.0,0.9943,3.13,0.62,11.2
7.5,0.18,0.31,6.5,0.028999999999999998,53.0,160.0,0.9927600000000001,3.03,0.38,10.9
7.0,0.53,0.02,1.0,0.036000000000000004,39.0,107.0,0.993,3.2,0.32,9.0
8.7,0.15,0.3,1.6,0.046,29.0,130.0,0.9942,3.22,0.38,9.8
7.3,0.32,0.25,7.2,0.055999999999999994,47.0,180.0,0.9961,3.08,0.47,8.8
6.4,0.31,0.28,1.5,0.037000000000000005,12.0,119.0,0.9919,3.32,0.51,10.4
6.2,0.32,0.32,2.2,0.036000000000000004,15.0,70.0,0.9899,3.16,0.48,12.7
6.2,0.22,0.3,12.4,0.054000000000000006,108.0,152.0,0.9972799999999999,3.1,0.47,9.5
7.3,0.18,0.65,1.4,0.046,28.0,157.0,0.9946,3.33,0.62,9.4
6.5,0.22,0.27,1.6,0.039,36.0,116.0,0.9917799999999999,3.38,0.57,11.0
5.2,0.5,0.18,2.0,0.036000000000000004,23.0,129.0,0.98949,3.36,0.77,13.4
7.6,0.3,0.42,2.0,0.052000000000000005,6.0,24.0,0.9963,3.44,0.82,11.9
5.6,0.2,0.36,2.5,0.048,16.0,125.0,0.99282,3.49,0.49,10.0
6.6,0.25,0.35,14.0,0.069,42.0,163.0,0.9990000000000001,3.56,0.47,9.8
6.4,0.37,0.19,3.5,0.068,18.0,101.0,0.9934,3.03,0.38,9.0
7.1,0.46,0.2,1.9,0.077,28.0,54.0,0.9956,3.37,0.64,10.4
7.6,0.27,0.29,2.5,0.059000000000000004,37.0,115.0,0.9932799999999999,3.09,0.37,9.8
11.2,0.4,0.5,2.0,0.099,19.0,50.0,0.9978299999999999,3.1,0.58,10.4
8.4,0.22,0.28,18.8,0.027999999999999997,55.0,130.0,0.998,2.96,0.35,11.6
6.7,0.19,0.41,15.6,0.055999999999999994,75.0,155.0,0.9995,3.2,0.44,8.8
5.6,0.23,0.25,8.0,0.043,31.0,101.0,0.99429,3.19,0.42,10.4
6.2,0.15,0.27,1.4,0.040999999999999995,51.0,117.0,0.9909,3.28,0.38,11.2
5.7,0.45,0.42,1.1,0.051,61.0,197.0,0.9932,3.02,0.4,9.0
8.4,0.37,0.43,2.3,0.063,12.0,19.0,0.9955,3.17,0.81,11.2
9.4,0.4,0.31,2.2,0.09,13.0,62.0,0.9966,3.07,0.63,10.5
7.0,0.28,0.26,1.7,0.042,34.0,130.0,0.9925,3.43,0.5,10.7
6.6,0.22,0.23,17.3,0.047,37.0,118.0,0.9990600000000001,3.08,0.46,8.8
7.5,0.41,0.23,14.8,0.054000000000000006,28.0,174.0,0.99898,3.18,0.49,9.7
9.1,0.28,0.48,1.8,0.067,26.0,46.0,0.9967,3.32,1.04,10.6
8.2,0.27,0.43,1.6,0.035,31.0,128.0,0.9916,3.1,0.5,12.3
6.1,0.33,0.32,7.8,0.052000000000000005,52.0,183.0,0.9965700000000001,3.39,0.65,9.5
10.4,0.43,0.5,2.3,0.068,13.0,19.0,0.996,3.1,0.87,11.4
7.3,0.33,0.4,6.85,0.038,32.0,138.0,0.992,3.03,0.3,11.9
6.5,0.27,0.19,6.6,0.045,98.0,175.0,0.99364,3.16,0.34,10.1
6.9,0.34,0.49,7.3,0.045,61.0,206.0,0.9957,3.09,0.4,9.0
7.3,0.58,0.3,2.4,0.07400000000000001,15.0,55.0,0.9968,3.46,0.59,10.2
6.2,0.34,0.3,11.1,0.047,28.0,237.0,0.9981,3.18,0.49,8.7
7.6,0.17,0.36,4.5,0.042,26.0,102.0,0.9942700000000001,3.09,0.47,9.5
6.5,0.22,0.28,3.7,0.059000000000000004,29.0,151.0,0.99177,3.23,0.41,12.1
7.4,0.25,0.29,2.2,0.054000000000000006,19.0,49.0,0.99666,3.4,0.76,10.9
10.6,0.44,0.68,4.1,0.114,6.0,24.0,0.997,3.06,0.66,13.4
6.3,0.3,0.24,6.6,0.04,38.0,141.0,0.995,3.22,0.47,9.5
7.3,0.22,0.49,9.4,0.034,29.0,134.0,0.9939,2.99,0.32,11.0
9.2,0.59,0.24,3.3,0.10099999999999999,20.0,47.0,0.9988,3.26,0.67,9.6
10.3,0.43,0.44,2.4,0.214,5.0,12.0,0.9994,3.19,0.63,9.5
8.5,0.21,0.41,4.3,0.036000000000000004,24.0,99.0,0.9947,3.18,0.53,9.7
7.6,0.36,0.48,13.5,0.038,44.0,116.0,0.9982,3.04,0.48,9.2
5.2,0.155,0.33,1.6,0.027999999999999997,13.0,59.0,0.98975,3.3,0.84,11.9
7.1,0.75,0.01,2.2,0.059000000000000004,11.0,18.0,0.9924200000000001,3.39,0.4,12.8
6.1,0.27,0.31,3.9,0.034,42.0,137.0,0.99218,3.24,0.46,10.9
8.6,0.55,0.09,3.3,0.068,8.0,17.0,0.99735,3.23,0.44,10.0
7.2,0.24,0.19,7.7,0.045,53.0,176.0,0.9958,3.17,0.38,9.5
7.9,0.25,0.34,11.4,0.04,53.0,202.0,0.99708,3.11,0.57,9.6
6.8,0.18,0.24,9.8,0.057999999999999996,64.0,188.0,0.9952,3.13,0.51,10.6
7.5,0.23,0.36,7.0,0.036000000000000004,43.0,161.0,0.9938,3.04,0.32,11.0
6.9,0.23,0.4,7.5,0.04,50.0,151.0,0.9927,3.11,0.27,11.4
6.2,0.25,0.25,1.4,0.03,35.0,105.0,0.9912,3.3,0.44,11.1
6.7,0.28,0.28,2.4,0.012,36.0,100.0,0.99064,3.26,0.39,11.7
5.4,0.46,0.15,2.1,0.026000000000000002,29.0,130.0,0.9895299999999999,3.39,0.77,13.4
6.8,0.68,0.21,2.1,0.07,9.0,23.0,0.99546,3.38,0.6,10.3
10.0,0.2,0.39,1.4,0.05,19.0,152.0,0.9940000000000001,3.0,0.42,10.4
12.0,0.37,0.76,4.2,0.066,7.0,38.0,1.0004,3.22,0.6,13.0
6.6,0.39,0.38,9.7,0.053,49.0,226.0,0.99787,3.3,0.57,9.4
7.3,0.305,0.39,1.2,0.059000000000000004,7.0,11.0,0.99331,3.29,0.52,11.5
9.0,0.245,0.38,5.9,0.045,52.0,159.0,0.995,2.93,0.35,10.2
9.7,0.69,0.32,2.5,0.08800000000000001,22.0,91.0,0.9979,3.29,0.62,10.1
6.8,0.27,0.3,13.0,0.047,69.0,160.0,0.99705,3.16,0.5,9.6
13.2,0.46,0.52,2.2,0.071,12.0,35.0,1.0006,3.1,0.56,9.0
7.5,0.51,0.02,1.7,0.084,13.0,31.0,0.9953799999999999,3.36,0.54,10.5
6.9,0.615,0.42,12.0,0.067,24.0,131.0,0.9972700000000001,3.19,0.34,9.3
6.5,0.23,0.38,1.3,0.032,29.0,112.0,0.99298,3.29,0.54,9.7
6.3,0.19,0.32,2.8,0.046,18.0,80.0,0.9904299999999999,2.92,0.47,11.05
10.9,0.53,0.49,4.6,0.11800000000000001,10.0,17.0,1.0002,3.07,0.56,11.7
6.3,0.3,0.34,1.6,0.049,14.0,132.0,0.9940000000000001,3.3,0.49,9.5
7.2,0.21,1.0,1.1,0.154,46.0,114.0,0.9931,2.95,0.43,9.2
9.0,0.58,0.25,2.8,0.075,9.0,104.0,0.99779,3.23,0.57,9.7
7.4,0.24,0.29,10.1,0.05,21.0,105.0,0.9962,3.13,0.35,9.5
6.6,0.19,0.99,1.2,0.122,45.0,129.0,0.9936,3.09,0.31,8.7
8.8,0.36,0.44,1.9,0.04,9.0,121.0,0.9953,3.19,0.48,9.9
8.9,0.48,0.24,2.85,0.094,35.0,106.0,0.9982,3.1,0.53,9.2
8.0,0.42,0.17,2.0,0.073,6.0,18.0,0.9972,3.29,0.61,9.2
6.8,0.19,0.33,4.9,0.047,42.0,130.0,0.9928299999999999,3.12,0.56,11.0
7.8,0.43,0.49,13.0,0.033,37.0,158.0,0.9955,3.14,0.35,11.3
6.1,0.44,0.28,4.25,0.032,43.0,132.0,0.9916,3.26,0.47,11.3
7.0,0.24,0.24,1.8,0.047,29.0,91.0,0.99251,3.3,0.43,9.9
7.2,0.49,0.24,2.2,0.07,5.0,36.0,0.996,3.33,0.48,9.4
7.4,0.45,0.32,7.1,0.044000000000000004,17.0,117.0,0.9962,3.32,0.41,10.4
6.8,0.28,0.35,2.3,0.042,16.0,85.0,0.9906,3.19,0.56,12.4
7.0,0.22,0.26,9.2,0.027000000000000003,37.0,122.0,0.9922799999999999,3.06,0.34,12.5
9.2,0.63,0.21,2.7,0.09699999999999999,29.0,65.0,0.9988,3.28,0.58,9.6
6.2,0.55,0.45,12.0,0.049,27.0,186.0,0.9974,3.17,0.5,9.3
7.8,0.26,0.49,3.2,0.027000000000000003,28.0,87.0,0.9919,3.03,0.32,11.3
6.5,0.24,0.29,8.2,0.043,32.0,156.0,0.9945299999999999,3.13,0.7,10.1
7.3,0.19,0.27,13.9,0.057,45.0,155.0,0.9980700000000001,2.94,0.41,8.8
9.1,0.28,0.49,2.0,0.059000000000000004,10.0,112.0,0.9958,3.15,0.46,10.1
5.2,0.155,0.33,1.6,0.027999999999999997,13.0,59.0,0.98975,3.3,0.84,11.9
7.5,0.51,0.02,1.7,0.084,13.0,31.0,0.9953799999999999,3.36,0.54,10.5
8.0,0.18,0.37,0.9,0.049,36.0,109.0,0.9900700000000001,2.89,0.44,12.7
8.1,0.2,0.49,11.8,0.048,46.0,212.0,0.9968,3.09,0.46,10.0
7.0,0.21,0.34,8.5,0.033,31.0,253.0,0.9953,3.22,0.56,10.5
6.2,0.16,0.47,1.4,0.028999999999999998,23.0,81.0,0.99,3.26,0.42,12.2
4.7,0.6,0.17,2.3,0.057999999999999996,17.0,106.0,0.9932,3.85,0.6,12.9
5.7,0.28,0.35,1.2,0.052000000000000005,39.0,141.0,0.99108,3.44,0.69,11.3
7.2,0.16,0.26,7.1,0.054000000000000006,41.0,224.0,0.9966,3.38,0.55,10.1
8.7,0.31,0.21,5.6,0.039,28.0,67.0,0.9932799999999999,2.96,0.52,11.0
7.0,0.23,0.42,1.1,0.062,35.0,100.0,0.99318,3.04,0.4,9.2
6.7,0.29,0.45,14.3,0.054000000000000006,30.0,181.0,0.99869,3.14,0.57,9.1
6.9,0.19,0.35,13.5,0.038,49.0,118.0,0.99546,3.0,0.63,10.7
6.9,0.28,0.31,7.2,0.04,47.0,168.0,0.9946,3.29,0.57,10.6
7.9,0.18,0.37,3.0,0.061,25.0,178.0,0.995,3.22,0.51,10.0
8.4,0.4,0.7,13.1,0.042,29.0,197.0,0.998,3.06,0.64,9.7
7.8,0.39,0.26,9.9,0.059000000000000004,33.0,181.0,0.9955,3.04,0.42,10.9
8.5,0.2,0.4,1.1,0.046,31.0,106.0,0.9919399999999999,3.0,0.35,10.5
7.2,0.27,0.46,18.75,0.052000000000000005,45.0,255.0,1.0,3.04,0.52,8.9
5.1,0.21,0.28,1.4,0.047,48.0,148.0,0.9916799999999999,3.5,0.49,10.4
6.7,0.15,0.38,1.7,0.037000000000000005,20.0,84.0,0.99046,3.09,0.53,11.4
7.1,0.15,0.34,1.0,0.033,27.0,73.0,0.98974,3.24,0.41,12.2
6.0,0.23,0.15,9.7,0.048,101.0,207.0,0.99571,3.05,0.3,9.1
6.6,0.24,0.28,1.8,0.027999999999999997,39.0,132.0,0.99182,3.34,0.46,11.4
13.0,0.32,0.65,2.6,0.09300000000000001,15.0,47.0,0.9996,3.05,0.61,10.6
6.2,0.27,0.32,6.3,0.048,47.0,159.0,0.99282,3.21,0.6,11.0
7.2,0.39,0.62,11.0,0.047,66.0,178.0,0.9976,3.16,0.5,8.7
6.8,0.31,0.32,7.6,0.052000000000000005,35.0,143.0,0.9959,3.14,0.38,9.0
6.4,0.22,0.56,14.5,0.055,27.0,159.0,0.998,2.98,0.4,9.1
7.3,0.34,0.3,9.4,0.057,34.0,178.0,0.99554,3.15,0.44,10.4
8.0,0.67,0.3,2.0,0.06,38.0,62.0,0.9958,3.26,0.56,10.2
8.2,0.35,0.33,2.4,0.076,11.0,47.0,0.9959899999999999,3.27,0.81,11.0
6.1,0.35,0.07,1.4,0.069,22.0,108.0,0.9934,3.23,0.52,9.2
10.2,0.67,0.39,1.9,0.054000000000000006,6.0,17.0,0.9976,3.17,0.47,10.0
8.4,0.31,0.31,0.95,0.021,52.0,148.0,0.9903799999999999,2.93,0.32,11.5
6.8,0.21,0.55,14.6,0.053,34.0,159.0,0.99805,2.93,0.44,9.2
7.5,0.33,0.39,12.4,0.065,29.0,119.0,0.9974,3.16,0.39,9.4
6.6,0.16,0.21,6.7,0.055,43.0,157.0,0.99384,3.15,0.52,10.8
7.2,0.34,0.3,8.4,0.051,40.0,167.0,0.99756,3.48,0.62,9.7
6.5,0.34,0.27,2.8,0.067,8.0,44.0,0.99384,3.21,0.56,12.0
9.0,0.44,0.49,2.4,0.078,26.0,121.0,0.9978,3.23,0.58,9.2
7.7,0.26,0.26,2.0,0.052000000000000005,19.0,77.0,0.9951,3.15,0.79,10.9
6.6,0.25,0.51,8.0,0.047,61.0,189.0,0.9960399999999999,3.22,0.49,9.2
7.7,0.28,0.3,2.0,0.062,18.0,34.0,0.9952,3.28,0.9,11.3
6.2,0.36,0.26,13.2,0.051,54.0,201.0,0.9976,3.25,0.46,9.0
7.0,0.6,0.3,4.5,0.068,20.0,110.0,0.9991399999999999,3.3,1.17,10.2
6.7,0.105,0.32,12.4,0.051,34.0,106.0,0.998,3.54,0.45,9.2
6.6,0.27,0.29,5.3,0.045,57.0,189.0,0.9953,3.31,0.79,9.8
10.1,0.43,0.4,2.6,0.092,13.0,52.0,0.99834,3.22,0.64,10.0
7.8,0.53,0.01,1.6,0.077,3.0,19.0,0.995,3.16,0.46,9.8
5.6,0.54,0.04,1.7,0.049,5.0,13.0,0.9942,3.72,0.58,11.4
6.7,0.3,0.29,2.8,0.025,37.0,107.0,0.99159,3.31,0.63,11.3
7.3,0.205,0.31,1.7,0.06,34.0,110.0,0.9963,3.72,0.69,10.5
8.0,0.24,0.3,17.45,0.055999999999999994,43.0,184.0,0.9997,3.05,0.5,9.2
9.4,0.3,0.32,10.7,0.028999999999999998,14.0,111.0,0.9958,2.85,0.42,10.6
6.4,0.14,0.28,7.9,0.057,21.0,82.0,0.99425,3.26,0.36,10.0
7.8,0.49,0.49,7.0,0.043,29.0,149.0,0.9952,3.21,0.33,10.0
7.8,0.49,0.49,7.0,0.043,29.0,149.0,0.9952,3.21,0.33,10.0
6.7,0.16,0.32,12.5,0.035,18.0,156.0,0.99666,2.88,0.36,9.0
5.8,0.6,0.0,1.3,0.044000000000000004,72.0,197.0,0.9920200000000001,3.56,0.43,10.9
5.2,0.24,0.45,3.8,0.027000000000000003,21.0,128.0,0.992,3.55,0.49,11.2
6.2,0.25,0.54,7.0,0.046,58.0,176.0,0.99454,3.19,0.7,10.4
6.1,0.17,0.42,15.1,0.033,28.0,124.0,0.99684,2.87,0.47,9.5
7.1,0.44,0.27,8.4,0.057,60.0,160.0,0.9925700000000001,3.16,0.36,11.8
6.8,0.28,0.6,1.1,0.132,42.0,127.0,0.9934,3.09,0.44,9.1
9.9,0.54,0.45,2.3,0.071,16.0,40.0,0.9991,3.39,0.62,9.4
5.7,0.36,0.21,6.7,0.038,51.0,166.0,0.9941,3.29,0.63,10.0
7.1,0.69,0.08,2.1,0.063,42.0,52.0,0.99608,3.42,0.6,10.2
6.3,0.32,0.32,1.5,0.037000000000000005,12.0,76.0,0.98993,3.3,0.46,12.3
7.5,1.115,0.1,3.1,0.086,5.0,12.0,0.9958,3.54,0.6,11.2
5.6,0.26,0.0,10.2,0.038,13.0,111.0,0.99315,3.44,0.46,12.4
8.0,0.66,0.72,17.55,0.042,62.0,233.0,0.9999,2.92,0.68,9.4
8.3,0.14,0.26,1.5,0.049,56.0,189.0,0.9946,3.21,0.62,9.5
6.0,0.22,0.25,11.1,0.055999999999999994,112.0,177.0,0.9961,3.08,0.36,9.4
6.9,0.13,0.28,13.3,0.05,47.0,132.0,0.99655,3.34,0.42,10.1
8.2,0.18,0.38,1.1,0.04,41.0,92.0,0.9906200000000001,2.88,0.6,12.0
6.6,0.25,0.51,8.0,0.047,61.0,189.0,0.9960399999999999,3.22,0.49,9.2
6.6,0.2,0.32,1.1,0.039,25.0,78.0,0.9926,3.39,0.54,10.2
5.6,0.35,0.14,5.0,0.046,48.0,198.0,0.9937,3.3,0.71,10.3
8.3,0.26,0.37,1.4,0.076,8.0,23.0,0.9974,3.26,0.7,9.6
8.0,0.18,0.37,0.9,0.049,36.0,109.0,0.9900700000000001,2.89,0.44,12.7
5.1,0.35,0.26,6.8,0.034,36.0,120.0,0.9918799999999999,3.38,0.4,11.5
5.3,0.26,0.23,5.15,0.034,48.0,160.0,0.9952,3.82,0.51,10.5
5.9,0.34,0.3,3.8,0.035,57.0,135.0,0.99016,3.09,0.34,12.0
6.0,0.13,0.28,5.7,0.038,56.0,189.5,0.9948,3.59,0.43,10.6
7.1,0.2,0.34,16.0,0.05,51.0,166.0,0.9985,3.21,0.6,9.2
7.1,0.2,0.36,11.6,0.042,45.0,124.0,0.997,2.92,0.59,9.5
7.6,0.34,0.39,7.6,0.04,45.0,215.0,0.9965,3.11,0.53,9.2
6.8,0.2,0.59,0.9,0.147,38.0,132.0,0.993,3.05,0.38,9.1
6.8,0.35,0.53,10.1,0.053,37.0,151.0,0.9963,3.07,0.4,9.4
5.9,0.3,0.47,7.85,0.03,19.0,133.0,0.9933,3.52,0.43,11.5
10.0,0.58,0.22,1.9,0.08,9.0,32.0,0.9974,3.13,0.55,9.5
7.0,0.55,0.13,2.2,0.075,15.0,35.0,0.9959,3.36,0.59,9.7
7.0,0.36,0.35,2.5,0.048,67.0,161.0,0.99146,3.05,0.56,11.1
7.7,0.4,0.27,4.5,0.034,27.0,95.0,0.99175,3.21,0.59,12.3
7.2,0.34,0.34,12.6,0.048,7.0,41.0,0.9942,3.19,0.4,11.7
6.5,0.36,0.28,3.2,0.037000000000000005,29.0,119.0,0.9908,3.25,0.65,12.4
6.9,0.22,0.37,15.0,0.053,59.0,178.0,0.9992,3.37,0.82,9.5
7.0,0.27,0.41,18.75,0.042,34.0,157.0,1.0002,2.96,0.5,9.1
6.0,0.42,0.41,12.4,0.032,50.0,179.0,0.9962200000000001,3.14,0.6,9.7
6.2,0.25,0.54,7.0,0.046,58.0,176.0,0.99454,3.19,0.7,10.4
6.5,0.18,0.26,1.4,0.040999999999999995,40.0,141.0,0.9941,3.34,0.72,9.5
5.0,0.17,0.56,1.5,0.026000000000000002,24.0,115.0,0.9906,3.48,0.39,10.8
5.8,0.23,0.31,3.5,0.044000000000000004,35.0,158.0,0.98998,3.19,0.37,12.1
6.8,0.57,0.29,2.2,0.04,15.0,77.0,0.9938,3.32,0.74,10.2
9.4,0.685,0.11,2.7,0.077,6.0,31.0,0.9984,3.19,0.7,10.1
6.1,0.32,0.33,10.7,0.036000000000000004,27.0,98.0,0.99521,3.34,0.52,10.2
6.9,0.42,0.2,15.4,0.043,57.0,201.0,0.9984799999999999,3.08,0.54,9.4
7.3,0.22,0.4,14.75,0.042,44.5,129.5,0.9998,3.36,0.41,9.1
6.8,0.23,0.42,7.4,0.044000000000000004,56.0,189.0,0.9958,3.22,0.48,9.3
6.6,0.21,0.31,11.4,0.039,46.0,165.0,0.99795,3.41,0.44,9.8
7.1,0.23,0.23,3.5,0.038,23.0,112.0,0.9915700000000001,3.05,0.37,11.36666667
5.8,0.15,0.28,0.8,0.037000000000000005,43.0,127.0,0.99198,3.24,0.51,9.3
6.8,0.48,0.25,2.0,0.076,29.0,61.0,0.9953,3.34,0.6,10.4
5.4,0.29,0.47,3.0,0.052000000000000005,47.0,145.0,0.993,3.29,0.75,10.0
5.8,0.24,0.44,3.5,0.028999999999999998,5.0,109.0,0.9913,3.53,0.43,11.7
7.8,0.29,0.33,8.75,0.035,33.0,181.0,0.9962,3.11,0.46,10.7
7.2,0.5,0.0,0.8,0.034,46.0,114.0,0.9932,3.19,0.34,9.2
6.3,0.35,0.3,5.7,0.035,8.0,97.0,0.9927,3.27,0.41,11.0
7.0,0.29,0.35,1.4,0.036000000000000004,42.0,109.0,0.99119,3.31,0.62,11.6
7.3,0.31,0.25,6.65,0.032,30.0,138.0,0.99244,2.9,0.37,11.1
8.3,0.26,0.37,1.4,0.076,8.0,23.0,0.9974,3.26,0.7,9.6
5.6,0.245,0.25,9.7,0.032,12.0,68.0,0.9940000000000001,3.31,0.34,10.5
7.6,0.4,0.27,1.2,0.053,23.0,193.0,0.99164,3.22,0.38,11.6
5.3,0.165,0.24,1.1,0.051,25.0,105.0,0.9925,3.32,0.47,9.1
7.5,0.4,1.0,19.5,0.040999999999999995,33.0,148.0,0.9977,3.24,0.38,12.0
6.4,0.41,0.01,6.1,0.048,20.0,70.0,0.9936200000000001,3.19,0.42,10.0
8.0,0.24,0.26,1.7,0.033,36.0,136.0,0.99316,3.44,0.51,10.4
6.8,0.19,0.33,4.9,0.047,42.0,130.0,0.9928299999999999,3.12,0.56,11.0
6.2,0.3,0.32,1.7,0.032,30.0,130.0,0.9911,3.28,0.41,11.2
9.0,0.43,0.3,1.5,0.05,7.0,175.0,0.9951,3.11,0.45,9.7
6.6,0.23,0.26,1.3,0.045,16.0,128.0,0.9934,3.36,0.6,10.0
5.5,0.16,0.31,1.2,0.026000000000000002,31.0,68.0,0.9898,3.33,0.44,11.65
7.6,0.49,0.33,1.9,0.07400000000000001,27.0,85.0,0.9970600000000001,3.41,0.58,9.0
12.8,0.3,0.74,2.6,0.095,9.0,28.0,0.9994,3.2,0.77,10.8
6.5,0.24,0.24,1.6,0.046,15.0,60.0,0.9928,3.19,0.39,9.8
8.2,0.68,0.3,2.1,0.047,17.0,138.0,0.995,3.22,0.71,10.8
6.5,0.23,0.33,13.8,0.042,25.0,139.0,0.99695,3.35,0.56,10.4
7.1,0.36,0.2,1.6,0.271,24.0,140.0,0.99356,3.11,0.63,9.8
7.5,0.29,0.67,8.1,0.037000000000000005,53.0,166.0,0.9966,2.9,0.41,8.9
6.2,0.28,0.51,7.9,0.055999999999999994,49.0,206.0,0.9956,3.18,0.52,9.4
7.0,0.46,0.2,16.7,0.046,50.0,184.0,0.99898,3.08,0.56,9.4
6.4,0.15,0.36,1.8,0.034,43.0,150.0,0.9922,3.42,0.69,11.0
6.2,0.21,0.26,13.1,0.05,59.0,150.0,0.99772,3.31,0.46,9.0
6.8,0.26,0.22,4.8,0.040999999999999995,110.0,198.0,0.9943700000000001,3.29,0.67,10.6
7.1,0.28,0.19,7.8,0.04,48.0,184.0,0.99579,3.16,0.5,9.4
7.3,0.24,0.34,15.4,0.05,38.0,174.0,0.9983,3.03,0.42,9.0
6.6,0.18,0.28,1.7,0.040999999999999995,53.0,161.0,0.9920700000000001,3.13,0.45,10.2
5.7,0.18,0.36,1.2,0.046,9.0,71.0,0.9919899999999999,3.7,0.68,10.9
6.8,0.23,0.32,1.6,0.026000000000000002,43.0,147.0,0.9904,3.29,0.54,12.5
5.0,1.02,0.04,1.4,0.045,41.0,85.0,0.9938,3.75,0.48,10.5
6.4,0.25,0.57,1.0,0.062,21.0,122.0,0.9923799999999999,3.0,0.4,9.5
7.0,0.22,0.26,9.2,0.027000000000000003,37.0,122.0,0.9922799999999999,3.06,0.34,12.5
6.0,0.5,0.0,1.4,0.057,15.0,26.0,0.9944799999999999,3.36,0.45,9.5
6.7,0.12,0.36,2.3,0.039,43.0,125.0,0.99229,3.07,0.67,10.1
5.8,0.315,0.19,19.4,0.031,28.0,106.0,0.9970399999999999,2.97,0.4,10.55
7.6,0.21,0.44,1.9,0.036000000000000004,10.0,119.0,0.9913,3.01,0.7,12.8
6.2,0.27,0.32,6.3,0.048,47.0,159.0,0.99282,3.21,0.6,11.0
6.4,0.46,0.08,4.9,0.046,34.0,144.0,0.99445,3.1,0.56,10.0
8.4,0.34,0.42,2.1,0.07200000000000001,23.0,36.0,0.99392,3.11,0.78,12.4
8.5,0.19,0.56,17.3,0.055,47.0,169.0,1.00047,3.07,0.67,9.3
6.0,0.31,0.47,3.6,0.067,18.0,42.0,0.99549,3.39,0.66,11.0
6.1,0.32,0.25,2.3,0.071,23.0,58.0,0.9963299999999999,3.42,0.97,10.6
6.9,0.19,0.6,4.0,0.037000000000000005,6.0,122.0,0.99255,2.92,0.59,10.4
6.6,0.18,0.26,17.3,0.051,17.0,149.0,0.9984,3.0,0.43,9.4
8.2,0.42,0.49,2.6,0.084,32.0,55.0,0.9988,3.34,0.75,8.7
6.7,0.21,0.37,2.5,0.034,35.0,89.0,0.9913,3.25,0.5,11.0
7.3,0.21,0.3,10.9,0.037000000000000005,18.0,112.0,0.997,3.4,0.5,9.6
5.5,0.32,0.13,1.3,0.037000000000000005,45.0,156.0,0.9918399999999999,3.26,0.38,10.7
5.8,0.32,0.23,1.5,0.033,39.0,121.0,0.9887,2.96,0.35,12.0
7.2,0.2,0.28,1.6,0.027999999999999997,13.0,168.0,0.99203,3.17,1.06,11.5
6.5,0.29,0.31,1.7,0.035,24.0,79.0,0.9905299999999999,3.27,0.69,11.4
7.7,0.965,0.1,2.1,0.11199999999999999,11.0,22.0,0.9963,3.26,0.5,9.5
6.5,0.27,0.4,10.0,0.039,74.0,227.0,0.99582,3.18,0.5,9.4
8.5,0.23,0.34,1.3,0.035,54.0,110.0,0.9917600000000001,3.07,0.55,11.0
6.8,0.67,0.0,1.9,0.08,22.0,39.0,0.9970100000000001,3.4,0.74,9.7
6.7,0.23,0.26,1.4,0.06,33.0,154.0,0.9934,3.24,0.56,9.5
5.3,0.21,0.29,0.7,0.027999999999999997,11.0,66.0,0.99215,3.3,0.4,9.8
6.4,0.32,0.26,7.9,0.05,53.0,180.0,0.9951399999999999,3.14,0.5,9.6
6.7,0.28,0.34,8.9,0.048,32.0,111.0,0.99455,3.25,0.54,11.0
6.6,0.55,0.01,2.7,0.034,56.0,122.0,0.9906,3.15,0.3,11.9
6.8,0.3,0.29,6.2,0.025,29.0,95.0,0.9907100000000001,3.03,0.32,12.9
7.6,0.68,0.02,1.3,0.07200000000000001,9.0,20.0,0.9965,3.17,1.08,9.2
6.0,0.38,0.26,3.5,0.035,38.0,111.0,0.98872,3.18,0.47,13.6
5.4,0.59,0.07,7.0,0.045,36.0,147.0,0.9944,3.34,0.57,9.7
7.0,0.29,0.33,0.9,0.040999999999999995,20.0,117.0,0.9904799999999999,3.21,0.5,11.4
7.5,0.51,0.02,1.7,0.084,13.0,31.0,0.9953799999999999,3.36,0.54,10.5
8.0,0.28,0.42,7.1,0.045,41.0,169.0,0.9959,3.17,0.43,10.6
7.3,0.25,0.41,1.8,0.037000000000000005,52.0,165.0,0.9911,3.29,0.39,12.2
6.7,0.25,0.33,2.9,0.057,52.0,173.0,0.9934,3.02,0.48,9.5
7.1,0.75,0.01,2.2,0.059000000000000004,11.0,18.0,0.9924200000000001,3.39,0.4,12.8
6.6,0.31,0.38,16.05,0.057999999999999996,16.0,165.0,0.9997,3.38,0.6,9.2
6.5,0.33,0.72,1.1,0.061,7.0,151.0,0.993,3.09,0.57,9.5
8.3,0.715,0.15,1.8,0.08900000000000001,10.0,52.0,0.9968,3.23,0.77,9.5
8.2,0.23,0.29,1.8,0.047,47.0,187.0,0.9933,3.13,0.5,10.2
6.2,0.35,0.2,18.1,0.069,33.0,158.0,0.99908,3.15,0.5,8.8
7.7,0.27,0.35,5.3,0.03,30.0,117.0,0.992,3.11,0.42,12.2
8.0,0.19,0.36,1.8,0.05,16.0,84.0,0.9936,3.15,0.45,9.8
4.7,0.785,0.0,3.4,0.036000000000000004,23.0,134.0,0.9898100000000001,3.53,0.92,13.8
7.6,0.685,0.23,2.3,0.111,20.0,84.0,0.9964,3.21,0.61,9.3
7.8,0.5,0.12,1.8,0.17800000000000002,6.0,21.0,0.996,3.28,0.87,9.8
5.7,0.255,0.65,1.2,0.079,17.0,137.0,0.9930700000000001,3.2,0.42,9.4
11.6,0.58,0.66,2.2,0.07400000000000001,10.0,47.0,1.0008,3.25,0.57,9.0
7.1,0.18,0.39,14.5,0.051,48.0,156.0,0.9994700000000001,3.35,0.78,9.1
7.7,0.26,0.4,1.1,0.042,9.0,60.0,0.9915,2.89,0.5,10.6
7.3,0.21,0.33,1.0,0.037000000000000005,66.0,144.0,0.9923,3.11,0.52,10.2
5.8,0.22,0.29,0.9,0.034,34.0,89.0,0.98936,3.14,0.36,11.1
7.7,0.28,0.35,15.3,0.055999999999999994,31.0,117.0,0.9998,3.27,0.5,9.6
8.5,0.19,0.48,1.1,0.026000000000000002,23.0,58.0,0.9918399999999999,2.9,0.5,10.5
7.0,0.32,0.29,4.9,0.036000000000000004,41.0,150.0,0.9916799999999999,3.38,0.43,12.2
6.5,0.25,0.5,7.6,0.047,54.0,184.0,0.99572,3.17,0.45,9.2
5.3,0.43,0.11,1.1,0.028999999999999998,6.0,51.0,0.9907600000000001,3.51,0.48,11.2
6.3,0.57,0.28,2.1,0.048,13.0,49.0,0.99374,3.41,0.6,12.8
7.4,0.49,0.24,15.1,0.03,34.0,153.0,0.9953,3.13,0.51,12.0
7.6,0.25,1.23,4.6,0.035,51.0,294.0,0.99018,3.03,0.43,13.1
8.2,0.33,0.32,2.8,0.067,4.0,12.0,0.9947299999999999,3.3,0.76,12.8
6.6,0.895,0.04,2.3,0.068,7.0,13.0,0.99582,3.53,0.58,10.8
8.8,0.61,0.19,4.0,0.094,30.0,69.0,0.99787,3.22,0.5,10.0
8.4,0.56,0.04,2.0,0.08199999999999999,10.0,22.0,0.9976,3.22,0.44,9.6
7.5,0.18,0.31,6.5,0.028999999999999998,53.0,160.0,0.9927600000000001,3.03,0.38,10.9
6.0,0.14,0.37,1.2,0.032,63.0,148.0,0.99185,3.32,0.44,11.2
7.8,0.965,0.6,65.8,0.07400000000000001,8.0,160.0,1.03898,3.39,0.69,11.7
6.0,0.39,0.13,1.2,0.042,60.0,172.0,0.9911399999999999,3.06,0.52,10.6
6.6,0.24,0.27,10.3,0.047,54.0,219.0,0.9974200000000001,3.04,0.45,8.8
7.2,0.63,0.0,1.9,0.09699999999999999,14.0,38.0,0.99675,3.37,0.58,9.0
6.6,0.26,0.27,1.5,0.04,19.0,114.0,0.99295,3.36,0.62,10.5
7.3,0.28,0.54,12.9,0.049,62.0,152.0,0.9984,3.06,0.45,9.1
7.2,0.15,0.39,1.8,0.043,21.0,159.0,0.9948,3.52,0.47,10.0
6.9,0.2,0.37,6.2,0.027000000000000003,24.0,97.0,0.992,3.38,0.49,12.2
6.9,0.17,0.25,1.6,0.047,34.0,132.0,0.9914,3.16,0.48,11.4
6.2,0.21,0.52,6.5,0.047,28.0,123.0,0.99418,3.22,0.49,9.9
8.3,1.02,0.02,3.4,0.084,6.0,11.0,0.99892,3.48,0.49,11.0
6.5,0.28,0.38,7.8,0.031,54.0,216.0,0.99154,3.03,0.42,13.1
6.7,0.16,0.28,2.5,0.046,40.0,153.0,0.9921,3.38,0.51,11.4
6.2,0.31,0.23,3.3,0.052000000000000005,34.0,113.0,0.99429,3.16,0.48,8.4
7.4,0.55,0.22,2.2,0.106,12.0,72.0,0.9959,3.05,0.63,9.2
8.4,0.35,0.71,12.2,0.046,22.0,160.0,0.9982,2.98,0.65,9.4
7.3,0.39,0.31,2.4,0.07400000000000001,9.0,46.0,0.9962,3.41,0.54,9.4
7.6,0.15,0.4,1.3,0.036000000000000004,24.0,112.0,0.9932,3.14,0.76,10.0
5.9,0.24,0.26,12.3,0.053,34.0,134.0,0.9972,3.34,0.45,9.5
6.5,0.16,0.34,1.4,0.028999999999999998,29.0,133.0,0.99108,3.33,0.64,11.5
6.3,0.27,0.51,7.6,0.049,35.0,200.0,0.9954799999999999,3.16,0.54,9.4
8.1,0.67,0.55,1.8,0.11699999999999999,32.0,141.0,0.9968,3.17,0.62,9.4
7.3,0.48,0.32,2.1,0.062,31.0,54.0,0.9972799999999999,3.3,0.65,10.0
6.4,0.28,0.27,11.0,0.042,45.0,148.0,0.9978600000000001,3.14,0.46,8.7
7.9,0.46,0.32,4.1,0.033,40.0,138.0,0.9912,3.18,0.44,12.8
7.2,0.47,0.16,5.9,0.048,14.0,125.0,0.9942799999999999,3.09,0.49,9.8
11.6,0.32,0.55,2.8,0.081,35.0,67.0,1.0002,3.32,0.92,10.8
6.8,0.15,0.32,8.8,0.057999999999999996,24.0,110.0,0.9972,3.4,0.4,8.8
7.1,0.13,0.38,1.8,0.046,14.0,114.0,0.9925,3.32,0.9,11.7
6.9,0.31,0.34,1.6,0.032,23.0,128.0,0.9917,3.37,0.47,11.7
8.5,0.49,0.11,2.3,0.084,9.0,67.0,0.9968,3.17,0.53,9.4
6.0,0.29,0.21,1.3,0.055,42.0,168.0,0.9914,3.32,0.43,11.1
6.3,0.22,0.22,5.6,0.039,31.0,128.0,0.9929600000000001,3.12,0.46,10.4
7.4,0.38,0.27,7.5,0.040999999999999995,24.0,160.0,0.99535,3.17,0.43,10.0
7.4,0.22,0.26,8.8,0.027000000000000003,23.0,112.0,0.9931,2.98,0.41,11.4
6.9,0.4,0.17,12.9,0.033,59.0,186.0,0.99754,3.08,0.49,9.4
6.1,0.16,0.34,6.1,0.034,31.0,114.0,0.99365,3.32,0.58,10.13333333
7.3,0.3,0.74,13.5,0.039,46.0,165.0,0.9982,3.02,0.4,8.7
7.0,0.24,0.26,1.7,0.040999999999999995,31.0,110.0,0.9914200000000001,3.2,0.53,11.0
7.1,0.31,0.5,14.5,0.059000000000000004,6.0,148.0,0.9983,2.94,0.44,9.1
6.6,0.21,0.5,8.7,0.036000000000000004,41.0,191.0,0.9929399999999999,2.96,0.56,11.0
7.4,0.21,0.8,12.3,0.038,77.0,183.0,0.9977799999999999,2.95,0.48,9.0
12.7,0.6,0.49,2.8,0.075,5.0,19.0,0.9994,3.14,0.57,11.4
8.1,0.72,0.09,2.8,0.084,18.0,49.0,0.9994,3.43,0.72,11.1
10.6,0.31,0.49,2.2,0.063,18.0,40.0,0.9976,3.14,0.51,9.8
9.3,0.715,0.24,2.1,0.07,5.0,20.0,0.9966,3.12,0.59,9.9
5.2,0.365,0.08,13.5,0.040999999999999995,37.0,142.0,0.997,3.46,0.39,9.9
6.8,0.775,0.0,3.0,0.102,8.0,23.0,0.9965,3.45,0.56,10.7
7.4,0.6,0.26,2.1,0.083,17.0,91.0,0.99616,3.29,0.56,9.8
6.5,0.18,0.33,1.4,0.028999999999999998,35.0,138.0,0.9911399999999999,3.36,0.6,11.5
5.8,0.22,0.25,1.5,0.024,21.0,109.0,0.99234,3.37,0.58,10.4
8.2,0.6,0.17,2.3,0.07200000000000001,11.0,73.0,0.9963,3.2,0.45,9.3
5.6,0.66,0.0,2.5,0.066,7.0,15.0,0.99256,3.52,0.58,12.9
8.3,0.2,0.49,1.7,0.04,34.0,169.0,0.9938,3.05,0.37,10.1
8.3,0.15,0.39,1.3,0.055,32.0,146.0,0.993,3.08,0.39,10.5
8.7,0.34,0.46,13.8,0.055,68.0,198.0,0.9988,3.36,0.37,9.5
6.0,0.33,0.26,5.1,0.051,16.0,119.0,0.99416,3.15,0.41,9.2
7.1,0.44,0.23,5.8,0.035,24.0,100.0,0.9906200000000001,3.15,0.57,13.2
8.0,0.29,0.29,13.2,0.046,26.0,113.0,0.9983,3.25,0.37,9.7
7.2,0.23,0.39,14.2,0.057999999999999996,49.0,192.0,0.9979,2.98,0.48,9.0
6.3,0.6,0.1,1.6,0.048,12.0,26.0,0.99306,3.55,0.51,12.1
7.4,0.26,0.43,6.0,0.022000000000000002,22.0,125.0,0.9928,3.13,0.55,11.5
11.7,0.45,0.63,2.2,0.073,7.0,23.0,0.99974,3.21,0.69,10.9
8.3,0.58,0.13,2.9,0.096,14.0,63.0,0.9984,3.17,0.62,9.1
6.0,0.555,0.26,4.5,0.053,17.0,126.0,0.9943,3.24,0.46,9.1
6.6,0.17,0.35,2.6,0.03,33.0,78.0,0.99146,3.22,0.72,11.3
6.1,0.31,0.34,2.8,0.042,59.5,162.0,0.99179,3.27,0.47,10.8
6.0,0.36,0.39,3.2,0.027000000000000003,20.0,125.0,0.991,3.38,0.39,11.3
7.9,0.58,0.23,2.3,0.076,23.0,94.0,0.9968600000000001,3.21,0.58,9.5
7.9,0.2,0.39,1.0,0.040999999999999995,37.0,154.0,0.99093,3.08,0.43,11.9
6.9,0.32,0.26,2.3,0.03,11.0,103.0,0.99106,3.06,0.42,11.1
6.7,0.17,0.5,2.1,0.043,27.0,122.0,0.9923,3.15,0.45,10.3
6.1,0.27,0.43,7.5,0.049,65.0,243.0,0.9957,3.12,0.47,9.0
6.8,0.41,0.31,8.8,0.084,26.0,45.0,0.99824,3.38,0.64,10.1
7.4,0.24,0.26,1.6,0.057999999999999996,53.0,150.0,0.9936,3.18,0.5,9.9
6.0,0.28,0.27,15.5,0.036000000000000004,31.0,134.0,0.99408,3.19,0.44,13.0
7.4,0.29,0.5,1.8,0.042,35.0,127.0,0.9937,3.45,0.5,10.2
7.0,0.57,0.1,8.3,0.094,23.0,188.0,0.9972,3.4,0.47,9.2
6.1,0.25,0.49,7.6,0.052000000000000005,67.0,226.0,0.9956,3.16,0.47,8.9
6.2,0.21,0.18,11.6,0.044000000000000004,61.0,155.0,0.99655,3.14,0.52,9.4
7.3,0.835,0.03,2.1,0.092,10.0,19.0,0.9966,3.39,0.47,9.6
7.0,0.655,0.16,2.1,0.07400000000000001,8.0,25.0,0.9960600000000001,3.37,0.55,9.7
7.2,0.36,0.46,2.1,0.07400000000000001,24.0,44.0,0.99534,3.4,0.85,11.0
6.1,0.24,0.27,9.8,0.062,33.0,152.0,0.9966,3.31,0.47,9.5
8.3,0.65,0.1,2.9,0.08900000000000001,17.0,40.0,0.99803,3.29,0.55,9.5
7.1,0.72,0.0,1.8,0.12300000000000001,6.0,14.0,0.9962700000000001,3.45,0.58,9.8
6.8,0.14,0.18,1.4,0.047,30.0,90.0,0.99164,3.27,0.54,11.2
5.5,0.19,0.27,0.9,0.04,52.0,103.0,0.99026,3.5,0.39,11.2
6.7,0.24,0.36,8.4,0.042,42.0,123.0,0.9947299999999999,3.34,0.52,10.9
7.5,0.29,0.67,8.1,0.037000000000000005,53.0,166.0,0.9966,2.9,0.41,8.9
6.8,0.24,0.29,2.0,0.044000000000000004,15.0,96.0,0.9923200000000001,3.23,0.64,10.4
6.7,0.25,0.13,1.2,0.040999999999999995,81.0,174.0,0.992,3.14,0.42,9.8
6.4,0.26,0.3,2.2,0.025,33.0,134.0,0.992,3.21,0.47,10.6
7.4,0.56,0.09,1.5,0.071,19.0,117.0,0.9949600000000001,3.22,0.53,9.8
6.6,0.24,0.28,1.8,0.027999999999999997,39.0,132.0,0.99182,3.34,0.46,11.4
13.3,0.29,0.75,2.8,0.084,23.0,43.0,0.9986,3.04,0.68,11.4
7.0,0.2,0.37,2.0,0.03,26.0,136.0,0.9932,3.28,0.61,10.2
10.4,0.41,0.55,3.2,0.076,22.0,54.0,0.9996,3.15,0.89,9.9
9.1,0.28,0.46,9.0,0.114,3.0,9.0,0.9990100000000001,3.18,0.6,10.9
6.6,0.3,0.25,8.0,0.036000000000000004,21.0,124.0,0.9936200000000001,3.06,0.38,10.8
4.8,0.21,0.21,10.2,0.037000000000000005,17.0,112.0,0.99324,3.66,0.48,12.2
8.5,0.46,0.59,1.4,0.414,16.0,45.0,0.99702,3.03,1.34,9.2
7.3,0.2,0.26,1.6,0.04,36.0,123.0,0.9923799999999999,3.34,0.44,10.8
7.2,0.18,0.31,1.1,0.045,20.0,73.0,0.9925,3.32,0.4,10.8
6.3,0.3,0.2,3.7,0.039,34.0,132.0,0.9915799999999999,3.0,0.38,10.7
9.9,0.5,0.24,2.3,0.10300000000000001,6.0,14.0,0.9978,3.34,0.52,10.0
7.9,0.16,0.3,7.4,0.05,58.0,152.0,0.9961200000000001,3.12,0.37,9.5
7.9,0.51,0.36,6.2,0.051,30.0,173.0,0.9984,3.09,0.53,9.7
6.8,0.24,0.29,9.5,0.042,56.0,157.0,0.9958600000000001,3.11,0.51,10.1
8.0,0.745,0.56,2.0,0.11800000000000001,30.0,134.0,0.9968,3.24,0.66,9.4
5.9,0.655,0.0,5.6,0.033,8.0,31.0,0.9936,3.32,0.51,10.5
7.9,0.69,0.21,2.1,0.08,33.0,141.0,0.9962,3.25,0.51,9.9
7.0,0.34,0.1,3.5,0.044000000000000004,17.0,63.0,0.9937,3.01,0.39,9.2
7.2,0.23,0.46,6.4,0.036000000000000004,17.0,85.0,0.99279,3.1,0.78,11.7
7.0,0.28,0.32,1.7,0.038,27.0,128.0,0.99375,3.2,0.62,10.2
7.4,0.155,0.34,2.3,0.045,73.5,214.0,0.9934,3.18,0.61,9.9
5.0,0.42,0.24,2.0,0.06,19.0,50.0,0.9917,3.72,0.74,14.0
6.2,0.785,0.0,2.1,0.06,6.0,13.0,0.99664,3.59,0.61,10.0
6.4,0.32,0.31,1.9,0.037000000000000005,34.0,126.0,0.99,3.06,0.45,11.8
7.6,0.4,0.27,5.2,0.03,32.0,101.0,0.99172,3.22,0.62,12.3
8.1,0.73,0.0,2.5,0.081,12.0,24.0,0.99798,3.38,0.46,9.6
7.7,0.63,0.08,1.9,0.076,15.0,27.0,0.9967,3.32,0.54,9.5
7.0,0.16,0.32,1.1,0.032,29.0,80.0,0.98972,3.23,0.36,12.1
6.4,0.15,0.29,1.8,0.044000000000000004,21.0,115.0,0.99166,3.1,0.38,10.2
7.2,0.26,0.32,10.4,0.062,23.0,114.0,0.9966,3.23,0.49,10.5
6.9,0.2,0.5,10.0,0.036000000000000004,78.0,167.0,0.9964,3.15,0.55,10.2
6.5,0.9,0.0,1.6,0.052000000000000005,9.0,17.0,0.99467,3.5,0.63,10.9
7.1,0.29,0.28,9.3,0.048,50.0,141.0,0.9949,3.13,0.49,10.3
5.8,1.01,0.66,2.0,0.039,15.0,88.0,0.9935700000000001,3.66,0.6,11.5
8.1,0.27,0.41,1.45,0.033,11.0,63.0,0.9908,2.99,0.56,12.0
6.6,0.96,0.0,1.8,0.08199999999999999,5.0,16.0,0.9936,3.5,0.44,11.9
6.8,0.46,0.26,2.7,0.042,28.0,83.0,0.9911399999999999,3.38,0.51,12.0
7.5,0.17,0.34,1.4,0.035,13.0,102.0,0.9918,3.05,0.74,11.0
6.9,0.33,0.21,1.0,0.053,39.0,148.0,0.9927,3.12,0.45,9.4
6.1,0.22,0.46,1.8,0.16,34.0,74.0,0.9884,3.19,0.33,13.4
8.6,0.485,0.29,4.1,0.026000000000000002,19.0,101.0,0.9918,3.01,0.38,12.4
7.3,0.25,0.26,7.2,0.048,52.0,207.0,0.99587,3.12,0.37,9.2
5.9,0.34,0.31,2.0,0.03,38.0,142.0,0.98892,3.4,0.41,12.9
7.3,0.26,0.33,11.8,0.057,48.0,127.0,0.9969299999999999,3.1,0.55,10.0
6.6,0.2,0.27,10.9,0.038,29.0,130.0,0.9949600000000001,3.11,0.44,10.5
6.9,0.23,0.38,8.3,0.047,47.0,162.0,0.9954,3.34,0.52,10.5
8.3,0.14,0.45,1.5,0.039,18.0,98.0,0.99215,3.02,0.56,11.0
8.1,0.28,0.46,15.4,0.059000000000000004,32.0,177.0,1.0004,3.27,0.58,9.0
7.9,0.12,0.49,5.2,0.049,33.0,152.0,0.9952,3.18,0.47,10.6
7.6,0.78,0.0,1.7,0.076,33.0,45.0,0.9961200000000001,3.31,0.62,10.7
6.4,0.24,0.26,8.2,0.054000000000000006,47.0,182.0,0.9953799999999999,3.12,0.5,9.5
8.0,0.44,0.49,9.1,0.031,46.0,151.0,0.9926,3.16,0.27,12.7
6.4,0.18,0.48,4.0,0.18600000000000003,64.0,150.0,0.9945,3.06,0.4,9.3
6.6,0.61,0.01,1.9,0.08,8.0,25.0,0.99746,3.69,0.73,10.5
6.3,0.67,0.48,12.6,0.052000000000000005,57.0,222.0,0.9979,3.17,0.52,9.3
5.4,0.29,0.38,1.2,0.028999999999999998,31.0,132.0,0.98895,3.28,0.36,12.4
6.0,0.26,0.26,2.2,0.035,10.0,72.0,0.9894649999999999,3.11,0.48,12.15
6.8,0.17,0.17,5.1,0.049,26.0,82.0,0.993,3.0,0.38,9.8
7.3,0.19,0.24,6.3,0.054000000000000006,34.0,231.0,0.9964,3.36,0.54,10.0
6.9,0.26,0.33,12.6,0.051,59.0,173.0,0.998,3.39,0.38,9.9
9.3,0.43,0.44,1.9,0.085,9.0,22.0,0.99708,3.28,0.55,9.5
11.9,0.58,0.58,1.9,0.071,5.0,18.0,0.998,3.09,0.63,10.0
6.0,0.35,0.51,1.2,0.028999999999999998,10.0,102.0,0.9903,3.46,0.42,11.9
7.8,0.39,0.26,9.9,0.059000000000000004,33.0,181.0,0.9955,3.04,0.42,10.9
8.4,0.52,0.22,2.7,0.084,4.0,18.0,0.99682,3.26,0.57,9.9
6.2,0.2,0.49,1.6,0.065,17.0,143.0,0.9937,3.22,0.52,9.2
6.1,0.32,0.33,10.7,0.036000000000000004,27.0,98.0,0.99521,3.34,0.52,10.2
12.8,0.84,0.63,2.4,0.08800000000000001,13.0,35.0,0.9997,3.1,0.6,10.4
7.7,0.17,0.52,5.9,0.017,21.0,84.0,0.9929,3.14,0.4,11.9
10.3,0.44,0.5,4.5,0.107,5.0,13.0,0.998,3.28,0.83,11.5
6.4,0.15,0.44,1.2,0.043,67.0,150.0,0.9907,3.14,0.73,11.2
7.4,0.36,0.34,1.8,0.075,18.0,38.0,0.9933,3.38,0.88,13.6
6.8,0.915,0.29,4.8,0.07,15.0,39.0,0.99577,3.53,0.54,11.1
7.1,0.18,0.74,15.6,0.044000000000000004,44.0,176.0,0.9996,3.38,0.67,9.0
8.2,0.18,0.28,8.5,0.035,41.0,140.0,0.9952,3.04,0.37,10.1
6.4,0.23,0.39,1.8,0.032,23.0,118.0,0.9912,3.32,0.5,11.8
7.1,0.32,0.4,1.5,0.034,13.0,84.0,0.9944,3.42,0.6,10.4
6.4,0.5,0.16,12.9,0.042,26.0,138.0,0.9974,3.28,0.33,9.0
6.4,0.27,0.45,8.3,0.05,52.0,196.0,0.9955,3.18,0.48,9.5
7.8,0.22,0.26,9.0,0.047,38.0,132.0,0.997,3.25,0.53,10.2
8.9,0.24,0.39,1.6,0.07400000000000001,3.0,10.0,0.99698,3.12,0.59,9.5
6.2,0.35,0.2,18.1,0.069,33.0,158.0,0.99908,3.15,0.5,8.8
6.7,0.28,0.34,8.9,0.048,32.0,111.0,0.99455,3.25,0.54,11.0
6.8,0.19,0.71,17.5,0.042,21.0,114.0,0.99784,2.85,0.5,9.5
10.5,0.39,0.46,2.2,0.075,14.0,27.0,0.99598,3.06,0.84,11.4
7.1,0.27,0.24,12.6,0.044000000000000004,48.0,118.0,0.99726,3.04,0.56,10.0
6.8,0.18,0.35,5.4,0.054000000000000006,53.0,143.0,0.99287,3.1,0.54,11.0
6.5,0.19,0.28,1.4,0.046,22.0,90.0,0.9903799999999999,3.18,0.51,11.7
6.0,0.58,0.2,2.4,0.075,15.0,50.0,0.99467,3.58,0.67,12.5
7.9,0.4,0.3,1.8,0.157,2.0,45.0,0.9972700000000001,3.31,0.91,9.5
5.6,0.185,0.19,7.1,0.048,36.0,110.0,0.9943799999999999,3.26,0.41,9.5
7.0,0.24,0.34,1.4,0.031,27.0,107.0,0.99,3.06,0.39,11.9
6.3,0.22,0.27,4.5,0.036000000000000004,81.0,157.0,0.9928,3.05,0.76,10.7
6.6,0.29,0.73,2.2,0.027000000000000003,21.0,92.0,0.99,3.12,0.48,12.4
5.8,0.2,0.27,1.4,0.031,12.0,77.0,0.9905,3.25,0.36,10.9
9.6,0.6,0.5,2.3,0.079,28.0,71.0,0.9997,3.5,0.57,9.7
6.7,0.28,0.28,2.4,0.012,36.0,100.0,0.99064,3.26,0.39,11.7
7.4,0.27,0.26,11.8,0.053,55.0,173.0,0.9969899999999999,3.11,0.6,9.8
7.4,0.26,0.37,9.4,0.047,42.0,147.0,0.9982,3.46,0.72,10.0
6.7,0.26,0.29,5.8,0.025,26.0,74.0,0.9929,3.28,0.53,11.0
5.6,0.13,0.27,4.8,0.027999999999999997,22.0,104.0,0.9948,3.34,0.45,9.2
6.4,0.16,0.25,1.4,0.057,21.0,125.0,0.9909100000000001,3.23,0.44,11.1
6.5,0.26,0.32,16.5,0.045,44.0,166.0,1.0,3.38,0.46,9.5
7.1,0.715,0.0,2.35,0.071,21.0,47.0,0.9963200000000001,3.29,0.45,9.4
6.2,0.39,0.24,4.8,0.037000000000000005,45.0,138.0,0.99174,3.23,0.43,11.2
9.1,0.29,0.33,2.05,0.063,13.0,27.0,0.99516,3.26,0.84,11.7
6.7,0.54,0.27,7.1,0.049,8.0,178.0,0.9950200000000001,3.16,0.38,9.4
6.4,0.475,0.06,1.0,0.03,9.0,131.0,0.9904,2.97,0.29,10.8
6.8,0.23,0.31,2.8,0.047,40.0,122.0,0.99126,3.06,0.64,10.9
7.1,0.53,0.24,0.8,0.028999999999999998,29.0,86.0,0.993,3.16,0.32,9.1
9.9,0.59,0.07,3.4,0.102,32.0,71.0,1.00015,3.31,0.71,9.8
7.5,0.21,0.68,10.9,0.045,38.0,133.0,0.9978,3.0,0.36,8.7
7.1,0.39,0.35,12.5,0.044000000000000004,26.0,72.0,0.9941,3.17,0.29,11.6
7.6,0.41,0.33,2.5,0.078,6.0,23.0,0.9957,3.3,0.58,11.2
7.6,0.17,0.45,11.2,0.054000000000000006,56.0,137.0,0.997,3.15,0.47,10.0
6.8,0.2,0.38,4.7,0.04,27.0,103.0,0.9940000000000001,3.37,0.58,10.7
9.3,0.41,0.39,2.2,0.064,12.0,31.0,0.9984,3.26,0.65,10.2
6.9,0.25,0.34,1.3,0.035,27.0,82.0,0.99045,3.18,0.44,12.2
6.2,0.2,0.26,9.7,0.03,39.0,102.0,0.9908,3.08,0.56,12.9
10.8,0.26,0.45,3.3,0.06,20.0,49.0,0.9972,3.13,0.54,9.6
7.5,0.58,0.03,4.1,0.08,27.0,46.0,0.99592,3.02,0.47,9.2
6.8,0.23,0.42,7.4,0.044000000000000004,56.0,189.0,0.9958,3.22,0.48,9.3
6.5,0.32,0.48,8.0,0.026000000000000002,18.0,88.0,0.99144,3.22,0.79,12.7
6.9,0.54,0.04,3.0,0.077,7.0,27.0,0.9987,3.69,0.91,9.4
10.0,0.32,0.59,2.2,0.077,3.0,15.0,0.9994,3.2,0.78,9.6
6.1,0.4,0.18,9.0,0.051,28.5,259.0,0.9964,3.19,0.5,8.8
8.8,0.2,0.43,15.0,0.053,60.0,184.0,1.0008,3.28,0.79,8.8
6.6,0.88,0.04,2.2,0.066,12.0,20.0,0.99636,3.53,0.56,9.9
5.8,0.28,0.34,2.2,0.037000000000000005,24.0,125.0,0.9898600000000001,3.36,0.33,12.8
7.4,0.61,0.01,2.0,0.07400000000000001,13.0,38.0,0.9974799999999999,3.48,0.65,9.8
6.7,0.27,0.33,3.6,0.034,9.0,45.0,0.99144,3.08,0.4,10.5
7.1,0.59,0.02,2.3,0.08199999999999999,24.0,94.0,0.99744,3.55,0.53,9.7
7.2,0.24,0.29,3.0,0.036000000000000004,17.0,117.0,0.99411,3.36,0.68,10.1
6.5,0.27,0.19,6.6,0.045,98.0,175.0,0.99364,3.16,0.34,10.1
6.0,0.17,0.21,6.0,0.05,26.0,134.0,0.9939,3.08,0.54,9.8
6.1,0.16,0.37,1.1,0.031,37.0,97.0,0.9922,3.4,0.58,10.5
7.9,0.2,0.34,1.2,0.04,29.0,118.0,0.9932,3.14,0.41,10.6
6.2,0.19,0.38,5.1,0.019,22.0,82.0,0.98961,3.05,0.36,12.5
6.4,0.38,0.26,8.2,0.043,28.0,98.0,0.99234,2.99,0.31,11.4
10.6,0.36,0.59,2.2,0.152,6.0,18.0,0.9986,3.04,1.05,9.4
6.9,0.36,0.28,13.55,0.048,51.0,189.0,0.99782,3.0,0.6,9.5
7.9,0.16,0.3,7.4,0.05,58.0,152.0,0.9961200000000001,3.12,0.37,9.5
5.8,0.34,0.21,6.6,0.04,50.0,167.0,0.9941,3.29,0.62,10.0
7.6,0.19,0.37,13.1,0.033,52.0,151.0,0.99726,3.18,0.79,10.4
8.9,0.875,0.13,3.45,0.08800000000000001,4.0,14.0,0.9994,3.44,0.52,11.5
9.2,0.43,0.49,2.4,0.086,23.0,116.0,0.9976,3.23,0.64,9.5
7.1,0.45,0.24,2.7,0.04,24.0,87.0,0.98862,2.94,0.38,13.4
8.1,0.2,0.3,1.3,0.036000000000000004,7.0,49.0,0.9924200000000001,2.99,0.73,10.3
6.9,0.28,0.22,10.0,0.052000000000000005,36.0,131.0,0.9969600000000001,3.08,0.46,9.6
6.5,0.26,0.39,1.4,0.02,12.0,66.0,0.9908899999999999,3.25,0.75,11.3
6.2,0.16,0.34,1.7,0.038,85.0,153.0,0.9909,3.33,0.86,12.0
6.9,0.17,0.22,4.6,0.064,55.0,152.0,0.9952,3.29,0.37,9.3
6.7,0.31,0.3,2.1,0.038,18.0,130.0,0.9928,3.36,0.63,10.6
6.4,0.24,0.25,20.2,0.083,35.0,157.0,0.99976,3.17,0.5,9.1
7.3,0.24,0.41,13.6,0.05,41.0,178.0,0.9988,3.37,0.43,9.7
6.8,0.14,0.35,1.5,0.047,40.0,117.0,0.99111,3.07,0.72,11.1
6.1,0.22,0.4,1.85,0.031,25.0,111.0,0.98966,3.03,0.3,11.8
6.0,0.28,0.25,1.8,0.042,8.0,108.0,0.9929,3.08,0.55,9.0
8.3,0.2,0.35,0.9,0.05,12.0,74.0,0.992,3.13,0.38,10.5
6.7,0.76,0.02,1.8,0.078,6.0,12.0,0.996,3.55,0.63,9.95
7.4,0.25,0.29,6.8,0.02,31.0,113.0,0.9933799999999999,3.13,0.29,10.8
5.8,0.19,0.49,4.9,0.04,44.0,118.0,0.9935,3.34,0.38,9.5
6.4,0.12,0.49,6.4,0.042,49.0,161.0,0.9945,3.34,0.44,10.4
6.9,0.24,0.23,7.1,0.040999999999999995,20.0,97.0,0.99246,3.1,0.85,11.4
6.4,0.125,0.36,1.4,0.044000000000000004,22.0,68.0,0.9901399999999999,3.15,0.5,11.7
6.8,0.6,0.18,1.9,0.079,18.0,86.0,0.9968,3.59,0.57,9.3
6.8,0.19,0.34,1.9,0.04,41.0,108.0,0.99,3.25,0.45,12.9
9.0,0.47,0.31,2.7,0.084,24.0,125.0,0.9984,3.31,0.61,9.4
5.7,0.25,0.27,11.5,0.04,24.0,120.0,0.99411,3.33,0.31,10.8
7.0,0.18,0.26,1.4,0.044000000000000004,46.0,89.0,0.99256,3.39,0.48,10.7
7.0,0.26,0.26,10.8,0.039,37.0,184.0,0.99787,3.47,0.58,10.3
6.2,0.66,0.48,1.2,0.028999999999999998,29.0,75.0,0.9892,3.33,0.39,12.8
7.0,0.15,0.28,14.7,0.051,29.0,149.0,0.99792,2.96,0.39,9.0
10.4,0.64,0.24,2.8,0.105,29.0,53.0,0.9998,3.24,0.67,9.9
6.4,0.24,0.49,5.8,0.053,25.0,120.0,0.9942,3.01,0.98,10.5
6.4,0.32,0.25,5.0,0.055,28.0,138.0,0.9917100000000001,3.27,0.5,12.4
6.2,0.12,0.26,5.7,0.044000000000000004,56.0,158.0,0.9951,3.52,0.37,10.5
7.9,0.51,0.25,2.9,0.077,21.0,45.0,0.9974,3.49,0.96,12.1
6.8,0.12,0.31,5.2,0.045,29.0,120.0,0.9942,3.41,0.46,9.8
7.5,0.38,0.29,12.7,0.05,25.0,209.0,0.9986,3.25,0.59,9.3
6.6,0.28,0.41,7.0,0.046,59.0,194.0,0.9955799999999999,3.14,0.48,9.4
5.3,0.6,0.34,1.4,0.031,3.0,60.0,0.98854,3.27,0.38,13.0
5.6,0.19,0.39,1.1,0.043,17.0,67.0,0.9918,3.23,0.53,10.3
11.1,0.18,0.48,1.5,0.068,7.0,15.0,0.9973,3.22,0.64,10.1
7.9,0.14,0.74,1.2,0.027999999999999997,30.0,165.0,0.991,3.08,0.82,12.3
5.7,0.29,0.16,7.9,0.044000000000000004,48.0,197.0,0.9951200000000001,3.21,0.36,9.4
6.2,0.2,0.33,5.4,0.027999999999999997,21.0,75.0,0.9901200000000001,3.36,0.41,13.5
6.4,0.27,0.49,7.3,0.046,53.0,206.0,0.9956,3.24,0.43,9.2
6.6,0.4,0.32,1.7,0.035,39.0,84.0,0.9909600000000001,3.59,0.48,12.7
8.3,0.3,0.36,10.0,0.042,33.0,169.0,0.9982,3.23,0.51,9.3
7.3,0.27,0.37,9.7,0.042,36.0,130.0,0.9979,3.48,0.75,9.9
9.7,0.32,0.54,2.5,0.094,28.0,83.0,0.9984,3.28,0.82,9.6
6.0,0.39,0.26,2.7,0.038,39.0,187.0,0.99325,3.41,0.5,10.8
5.5,0.16,0.22,4.5,0.03,30.0,102.0,0.9938,3.24,0.36,9.4
6.7,0.21,0.42,9.1,0.049,31.0,150.0,0.9953,3.12,0.74,9.9
6.0,0.35,0.46,0.9,0.033,9.0,65.0,0.98934,3.24,0.35,12.1
6.9,0.28,0.24,2.1,0.034,49.0,121.0,0.98882,2.98,0.43,13.2
6.9,0.33,0.62,7.5,0.038,46.0,132.0,0.9914299999999999,3.23,0.43,13.4
6.4,0.24,0.29,11.4,0.051,32.0,166.0,0.9968,3.31,0.45,9.5
7.8,0.58,0.13,2.1,0.102,17.0,36.0,0.9944,3.24,0.53,11.2
6.4,0.25,0.74,7.8,0.045,52.0,209.0,0.9956,3.21,0.42,9.2
6.8,0.18,0.3,12.8,0.062,19.0,171.0,0.99808,3.0,0.52,9.0
6.6,0.36,0.28,6.1,0.028999999999999998,12.0,93.0,0.99054,3.19,0.27,12.8
6.6,0.44,0.15,2.1,0.076,22.0,53.0,0.9957,3.32,0.62,9.3
7.6,0.21,0.6,2.1,0.046,47.0,165.0,0.9936,3.05,0.54,10.1
7.9,0.34,0.44,6.5,0.027000000000000003,47.0,126.0,0.99124,2.96,0.37,12.5
8.4,0.56,0.04,2.0,0.08199999999999999,10.0,22.0,0.9976,3.22,0.44,9.6
6.6,0.24,0.35,7.7,0.031,36.0,135.0,0.9938,3.19,0.37,10.5
6.7,0.25,0.31,1.35,0.061,30.5,218.0,0.9938799999999999,3.16,0.53,9.5
7.8,0.18,0.31,12.2,0.053,46.0,140.0,0.998,3.06,0.53,8.9
8.1,0.33,0.36,7.4,0.037000000000000005,36.0,156.0,0.99592,3.19,0.54,10.6
8.0,0.43,0.36,2.3,0.075,10.0,48.0,0.9976,3.34,0.46,9.4
7.2,0.32,0.47,5.1,0.044000000000000004,19.0,65.0,0.991,3.03,0.41,12.6
6.3,0.24,0.29,13.7,0.035,53.0,134.0,0.99567,3.17,0.38,10.6
6.6,0.26,0.38,6.5,0.17,68.0,201.0,0.9956,3.19,0.38,9.4
7.8,0.54,0.26,2.0,0.08800000000000001,23.0,48.0,0.9981,3.41,0.74,9.2
7.7,0.705,0.1,2.6,0.084,9.0,26.0,0.9976,3.39,0.49,9.7
7.6,0.29,0.26,6.5,0.042,32.0,160.0,0.9944,3.14,0.47,10.7
5.5,0.3,0.25,1.9,0.028999999999999998,33.0,118.0,0.98972,3.36,0.66,12.5
6.8,0.18,0.37,1.5,0.027000000000000003,37.0,93.0,0.992,3.3,0.45,10.8
7.5,0.15,0.38,1.8,0.054000000000000006,19.0,101.0,0.9946,3.24,0.44,10.0
5.6,0.32,0.33,7.4,0.037000000000000005,25.0,95.0,0.9926799999999999,3.25,0.49,11.1
7.5,0.27,0.36,7.0,0.036000000000000004,45.0,164.0,0.9939,3.03,0.33,11.0
6.0,0.1,0.24,1.1,0.040999999999999995,15.0,65.0,0.9927,3.61,0.61,10.3
6.4,0.32,0.5,10.7,0.047,57.0,206.0,0.9968,3.08,0.6,9.4
5.3,0.47,0.11,2.2,0.048,16.0,89.0,0.99182,3.54,0.88,13.6
6.5,0.37,0.3,2.2,0.033,39.0,107.0,0.9889399999999999,3.22,0.53,13.5
6.8,0.17,0.34,2.0,0.04,38.0,111.0,0.99,3.24,0.45,12.9
6.3,0.23,0.49,7.1,0.05,67.0,210.0,0.9951,3.23,0.34,9.5
7.6,0.36,0.44,8.3,0.255,28.0,142.0,0.9958,3.12,0.43,10.2
9.6,0.56,0.31,2.8,0.08900000000000001,15.0,46.0,0.9979,3.11,0.92,10.0
5.4,0.255,0.33,1.2,0.051,29.0,122.0,0.9904799999999999,3.37,0.66,11.3
7.3,0.49,0.32,5.2,0.043,18.0,104.0,0.9952,3.24,0.45,10.7
7.7,0.31,0.26,7.8,0.031,23.0,90.0,0.9944,3.13,0.5,10.4
6.8,0.18,0.28,9.8,0.039,29.0,113.0,0.99406,3.11,0.45,10.9
5.1,0.29,0.28,8.3,0.026000000000000002,27.0,107.0,0.99308,3.36,0.37,11.0
8.1,0.66,0.22,2.2,0.069,9.0,23.0,0.9968,3.3,1.2,10.3
5.7,0.28,0.3,3.9,0.026000000000000002,36.0,105.0,0.9896299999999999,3.26,0.58,12.75
7.0,0.36,0.35,2.5,0.048,67.0,161.0,0.99146,3.05,0.56,11.1
6.5,0.28,0.29,2.7,0.038,26.0,107.0,0.9912,3.32,0.41,11.6
7.0,0.59,0.0,1.7,0.052000000000000005,3.0,8.0,0.996,3.41,0.47,10.3
6.8,0.25,0.28,5.0,0.035,42.0,126.0,0.9904799999999999,3.12,0.38,12.6
6.1,0.34,0.27,2.6,0.024,20.0,105.0,0.9906,3.4,0.67,12.2
7.3,0.4,0.3,1.7,0.08,33.0,79.0,0.9969,3.41,0.65,9.5
5.3,0.3,0.16,4.2,0.028999999999999998,37.0,100.0,0.9905,3.3,0.36,11.8
6.4,0.34,0.2,14.9,0.06,37.0,162.0,0.9983,3.13,0.45,9.0
8.1,0.28,0.4,6.9,0.05,30.0,97.0,0.9951,3.26,0.44,10.1
6.7,0.24,0.41,8.7,0.036000000000000004,29.0,148.0,0.9952,3.22,0.62,9.9
11.6,0.44,0.64,2.1,0.059000000000000004,5.0,15.0,0.998,3.21,0.67,10.2
8.3,0.22,0.34,1.1,0.043,20.0,116.0,0.9927,3.0,0.47,10.2
7.3,0.2,0.29,19.5,0.039,69.0,237.0,1.00037,3.1,0.48,9.2
6.8,0.25,0.34,4.7,0.031,34.0,134.0,0.9927,3.21,0.38,10.6
6.5,0.22,0.19,1.1,0.064,36.0,191.0,0.99297,3.05,0.5,9.5
7.0,0.58,0.12,1.9,0.091,34.0,124.0,0.9956,3.44,0.48,10.5
6.8,0.48,0.08,1.8,0.07400000000000001,40.0,64.0,0.99529,3.12,0.49,9.6
6.5,0.34,0.28,1.8,0.040999999999999995,43.0,188.0,0.9928,3.13,0.37,9.6
6.8,0.3,0.35,2.8,0.038,10.0,164.0,0.9912,3.09,0.53,12.0
7.0,0.27,0.36,20.7,0.045,45.0,170.0,1.001,3.0,0.45,8.8
8.8,0.31,0.4,2.8,0.109,7.0,16.0,0.9961399999999999,3.31,0.79,11.8
6.6,0.25,0.31,1.5,0.035,32.0,127.0,0.9921,3.41,0.47,11.3
6.4,0.39,0.21,1.2,0.040999999999999995,35.0,136.0,0.99225,3.15,0.46,10.2
7.0,0.33,0.28,5.7,0.033,39.0,204.0,0.9917600000000001,3.17,0.64,12.5
7.7,0.53,0.06,1.7,0.07400000000000001,9.0,39.0,0.99615,3.35,0.48,9.8
6.3,0.34,0.28,14.7,0.047,49.0,198.0,0.9977,3.23,0.46,9.5
10.1,0.37,0.34,2.4,0.085,5.0,17.0,0.9968299999999999,3.17,0.65,10.6
7.6,0.16,0.44,1.4,0.043,25.0,109.0,0.9932,3.11,0.75,10.3
5.7,0.1,0.27,1.3,0.047,21.0,100.0,0.9928,3.27,0.46,9.5
10.0,0.73,0.43,2.3,0.059000000000000004,15.0,31.0,0.9966,3.15,0.57,11.0
5.0,0.235,0.27,11.75,0.03,34.0,118.0,0.9954,3.07,0.5,9.4
7.2,0.23,0.39,14.2,0.057999999999999996,49.0,192.0,0.9979,2.98,0.48,9.0
7.2,0.415,0.36,2.0,0.081,13.0,45.0,0.9972,3.48,0.64,9.2
6.4,0.25,0.74,7.8,0.045,52.0,209.0,0.9956,3.21,0.42,9.2
6.7,0.3,0.49,4.8,0.034,36.0,158.0,0.9945,3.12,0.45,9.9
8.8,0.61,0.3,2.8,0.08800000000000001,17.0,46.0,0.9976,3.26,0.51,9.3
6.3,0.41,0.16,0.9,0.032,25.0,98.0,0.99274,3.16,0.42,9.5
5.4,0.595,0.1,2.8,0.042,26.0,80.0,0.9932,3.36,0.38,9.3
7.3,0.22,0.37,14.3,0.063,48.0,191.0,0.9978,2.89,0.38,9.0
7.4,0.18,0.29,1.4,0.042,34.0,101.0,0.99384,3.54,0.6,10.5
7.2,0.21,0.36,15.7,0.045,68.0,183.0,0.9992200000000001,3.25,0.76,9.4
6.4,0.24,0.26,8.2,0.054000000000000006,47.0,182.0,0.9953799999999999,3.12,0.5,9.5
6.8,0.63,0.12,3.8,0.099,16.0,126.0,0.9969,3.28,0.61,9.5
7.3,0.25,0.26,7.2,0.048,52.0,207.0,0.99587,3.12,0.37,9.2
10.2,0.36,0.64,2.9,0.122,10.0,41.0,0.998,3.23,0.66,12.5
6.0,0.19,0.71,1.5,0.152,9.0,55.0,0.9927,3.12,0.46,9.8
7.7,0.28,0.29,4.3,0.051,25.0,142.0,0.9939,3.16,0.39,10.2
5.7,0.22,0.22,16.65,0.044000000000000004,39.0,110.0,0.99855,3.24,0.48,9.0
6.3,0.22,0.33,1.7,0.040999999999999995,67.0,164.0,0.9928,3.32,0.56,10.4
6.5,0.25,0.27,15.2,0.049,75.0,217.0,0.9972,3.19,0.39,9.9
7.8,0.25,0.37,1.0,0.043,10.0,80.0,0.9912799999999999,3.08,0.38,11.4
6.6,0.3,0.3,4.8,0.17,60.0,166.0,0.9946,3.18,0.47,9.4
7.3,0.28,0.36,12.7,0.04,38.0,140.0,0.998,3.3,0.79,9.6
6.8,0.21,0.4,6.3,0.032,40.0,121.0,0.9921399999999999,3.18,0.53,12.0
6.8,0.28,0.29,11.9,0.052000000000000005,51.0,149.0,0.99544,3.02,0.58,10.4
8.0,0.24,0.33,1.2,0.044000000000000004,28.0,101.0,0.99035,3.03,0.43,12.5
7.6,0.31,0.29,10.5,0.04,21.0,145.0,0.9966,3.04,0.35,9.4
10.6,0.36,0.6,2.2,0.152,7.0,18.0,0.9986,3.04,1.06,9.4
8.0,0.3,0.36,11.0,0.034,8.0,70.0,0.99354,3.05,0.41,12.2
5.4,0.29,0.38,1.2,0.028999999999999998,31.0,132.0,0.98895,3.28,0.36,12.4
8.0,0.42,0.36,5.0,0.037000000000000005,34.0,101.0,0.992,3.13,0.57,12.3
5.7,0.28,0.36,1.8,0.040999999999999995,38.0,90.0,0.9900200000000001,3.27,0.98,11.9
7.4,0.32,0.27,1.4,0.049,38.0,173.0,0.99335,3.03,0.52,9.3
11.5,0.35,0.49,3.3,0.07,10.0,37.0,1.0003,3.32,0.91,11.0
7.6,0.2,0.3,14.2,0.055999999999999994,53.0,212.5,0.9990000000000001,3.14,0.46,8.9
6.6,0.24,0.33,10.1,0.032,8.0,81.0,0.99626,3.19,0.51,9.8
6.5,0.22,0.34,12.0,0.053,55.0,177.0,0.9983,3.52,0.44,9.9
9.1,0.37,0.32,2.1,0.064,4.0,15.0,0.9957600000000001,3.3,0.8,11.2
7.4,0.16,0.3,13.7,0.055999999999999994,33.0,168.0,0.99825,2.9,0.44,8.7
6.3,0.2,0.19,12.3,0.048,54.0,145.0,0.9966799999999999,3.16,0.42,9.3
7.0,0.3,0.38,14.9,0.032,60.0,181.0,0.9983,3.18,0.61,9.3
6.6,0.22,0.29,14.4,0.046,39.0,118.0,0.99834,3.05,0.5,9.1
8.3,0.21,0.58,17.1,0.049,62.0,213.0,1.0006,3.01,0.51,9.3
7.6,0.445,0.44,14.5,0.045,68.0,212.0,0.9986,3.48,0.36,10.0
5.6,0.915,0.0,2.1,0.040999999999999995,17.0,78.0,0.99346,3.68,0.73,11.4
7.4,0.33,0.26,2.6,0.04,29.0,115.0,0.9913,3.07,0.52,11.8
8.1,0.33,0.44,1.5,0.042,6.0,12.0,0.9954200000000001,3.35,0.61,10.7
6.9,0.615,0.42,12.0,0.067,24.0,131.0,0.9972700000000001,3.19,0.34,9.3
7.8,0.2,0.2,1.4,0.036000000000000004,25.0,83.0,0.9908799999999999,3.03,0.46,11.7
8.4,0.35,0.56,13.8,0.048,55.0,190.0,0.9993,3.07,0.58,9.4
7.3,0.25,0.42,14.2,0.040999999999999995,57.0,182.0,0.9996,3.29,0.75,9.1
6.3,0.35,0.3,5.7,0.035,8.0,97.0,0.9927,3.27,0.41,11.0
5.7,0.16,0.32,1.2,0.036000000000000004,7.0,89.0,0.99111,3.26,0.48,11.0
7.4,0.29,0.48,12.8,0.037000000000000005,61.5,182.0,0.99808,3.02,0.34,8.8
7.0,0.33,0.32,1.2,0.053,38.0,138.0,0.9906,3.13,0.28,11.2
11.5,0.3,0.6,2.0,0.067,12.0,27.0,0.9981,3.11,0.97,10.1
9.1,0.5,0.3,1.9,0.065,8.0,17.0,0.99774,3.32,0.71,10.5
8.6,0.47,0.27,2.3,0.055,14.0,28.0,0.99516,3.18,0.8,11.2
8.3,0.39,0.7,10.6,0.045,33.0,169.0,0.9976,3.09,0.57,9.4
5.8,0.36,0.32,1.7,0.033,22.0,96.0,0.9898,3.03,0.38,11.2
6.7,0.33,0.49,1.6,0.16699999999999998,20.0,94.0,0.9914,3.11,0.5,11.4
13.2,0.46,0.52,2.2,0.071,12.0,35.0,1.0006,3.1,0.56,9.0
8.2,0.37,0.36,1.0,0.034,17.0,93.0,0.9906,3.04,0.32,11.7
7.7,0.275,0.3,1.0,0.039,19.0,75.0,0.992,3.01,0.56,10.7
7.0,0.39,0.21,10.7,0.098,13.0,91.0,0.9965700000000001,3.03,0.47,9.3
6.8,0.21,0.27,18.15,0.042,41.0,146.0,1.0001,3.3,0.36,8.7
6.0,0.4,0.3,1.6,0.047,30.0,117.0,0.9931,3.17,0.48,10.1
6.4,0.22,0.32,4.9,0.046,50.0,156.0,0.99316,3.38,0.55,11.2
6.0,0.24,0.28,3.95,0.038,61.0,134.0,0.99146,3.3,0.54,11.3
6.7,0.54,0.13,2.0,0.076,15.0,36.0,0.9973,3.61,0.64,9.8
5.8,0.3,0.33,3.5,0.033,25.0,116.0,0.9905700000000001,3.2,0.44,11.7
6.6,0.18,0.28,3.3,0.044000000000000004,18.0,91.0,0.993,3.42,0.64,10.8
6.4,0.16,0.25,1.3,0.047,20.0,77.0,0.9933,3.61,0.54,10.2
6.9,0.36,0.35,8.6,0.038,37.0,125.0,0.9916,3.0,0.32,12.4
7.3,0.815,0.09,11.4,0.044000000000000004,45.0,204.0,0.99713,3.15,0.46,9.0
7.0,0.34,0.3,1.8,0.045,44.0,142.0,0.9914,2.99,0.45,10.8
7.3,0.33,0.4,6.85,0.038,32.0,138.0,0.992,3.03,0.3,11.9
7.5,0.23,0.29,2.6,0.031,24.0,98.0,0.9919399999999999,3.0,0.54,10.9
6.2,0.37,0.24,6.1,0.032,19.0,86.0,0.98934,3.04,0.26,13.4
7.1,0.43,0.17,1.8,0.08199999999999999,27.0,51.0,0.99634,3.49,0.64,10.4
4.9,0.235,0.27,11.75,0.03,34.0,118.0,0.9954,3.07,0.5,9.4
9.2,0.16,0.49,2.0,0.044000000000000004,18.0,107.0,0.9951399999999999,3.1,0.53,10.2
6.2,0.45,0.2,1.6,0.069,3.0,15.0,0.9958,3.41,0.56,9.2
9.2,0.56,0.18,1.6,0.078,10.0,21.0,0.9957600000000001,3.15,0.49,9.9
7.6,0.38,0.2,3.4,0.046,9.0,116.0,0.9944,3.15,0.41,9.4
6.6,0.35,0.29,14.4,0.044000000000000004,54.0,177.0,0.9991,3.17,0.58,8.9
6.6,0.5,0.01,1.5,0.06,17.0,26.0,0.9952,3.4,0.58,9.8
6.4,0.2,0.32,3.1,0.040999999999999995,18.0,126.0,0.9914,3.43,0.42,12.0
6.8,0.3,0.24,6.6,0.12300000000000001,35.0,116.0,0.9953,3.07,0.48,9.4
6.3,0.24,0.37,1.8,0.031,6.0,61.0,0.9897,3.3,0.34,12.2
7.2,0.52,0.07,1.4,0.07400000000000001,5.0,20.0,0.9973,3.32,0.81,9.6
5.6,0.32,0.32,8.3,0.043,32.0,105.0,0.99266,3.24,0.47,11.2
9.9,0.35,0.55,2.1,0.062,5.0,14.0,0.9971,3.26,0.79,10.6
8.2,0.4,0.31,1.9,0.08199999999999999,8.0,24.0,0.996,3.24,0.69,10.6
7.2,0.32,0.36,2.0,0.033,37.0,114.0,0.9906,3.1,0.71,12.3
7.2,0.725,0.05,4.65,0.086,4.0,11.0,0.9962,3.41,0.39,10.9
7.8,0.4,0.26,9.5,0.059000000000000004,32.0,178.0,0.9955,3.04,0.43,10.9
6.0,0.14,0.17,5.6,0.036000000000000004,37.0,127.0,0.9937299999999999,3.05,0.57,9.8
6.7,0.34,0.31,16.4,0.051,20.0,146.0,0.99834,3.06,0.54,9.1
6.1,0.16,0.24,1.4,0.046,17.0,77.0,0.99319,3.66,0.57,10.3
6.9,0.22,0.32,5.8,0.040999999999999995,20.0,119.0,0.9929600000000001,3.17,0.55,11.2
6.7,0.24,0.31,2.3,0.044000000000000004,37.0,113.0,0.99013,3.29,0.46,12.9
7.7,0.29,0.48,2.3,0.049,36.0,178.0,0.9931,3.17,0.64,10.6
7.1,0.39,0.39,11.1,0.034,25.0,204.0,0.99616,3.05,0.52,10.0
11.6,0.41,0.54,1.5,0.095,22.0,41.0,0.99735,3.02,0.76,9.9
7.1,0.37,0.32,1.4,0.037000000000000005,27.0,126.0,0.9918,3.19,0.62,12.0
11.3,0.62,0.67,5.2,0.086,6.0,19.0,0.9988,3.22,0.69,13.4
6.8,0.25,0.34,14.0,0.032,47.0,133.0,0.9952,3.37,0.5,12.2
7.6,0.41,0.49,2.0,0.08800000000000001,16.0,43.0,0.998,3.48,0.64,9.1
7.5,0.26,0.3,4.6,0.027000000000000003,29.0,92.0,0.99085,3.15,0.38,12.0
8.3,0.16,0.37,7.9,0.025,38.0,107.0,0.99306,2.93,0.37,11.9
6.8,0.57,0.0,2.5,0.07200000000000001,32.0,64.0,0.9949100000000001,3.43,0.56,11.2
8.2,0.73,0.21,1.7,0.07400000000000001,5.0,13.0,0.9968,3.2,0.52,9.5
6.0,0.31,0.24,3.3,0.040999999999999995,25.0,143.0,0.9914,3.31,0.44,11.3
4.2,0.17,0.36,1.8,0.028999999999999998,93.0,161.0,0.9899899999999999,3.65,0.89,12.0
6.2,0.24,0.25,12.5,0.055,47.0,134.0,0.9975799999999999,3.3,0.51,9.0
7.2,0.33,0.22,4.5,0.031,10.0,73.0,0.9907600000000001,2.97,0.52,12.2
7.5,0.35,0.28,9.6,0.051,26.0,157.0,0.9969,3.12,0.53,9.2
7.3,0.67,0.02,2.2,0.07200000000000001,31.0,92.0,0.99566,3.32,0.68,11.1
7.2,0.4,0.24,8.5,0.055,45.0,151.0,0.99626,3.2,0.52,9.2
7.1,0.26,0.32,14.45,0.07400000000000001,29.0,107.0,0.998,2.96,0.42,9.2
7.2,0.4,0.38,2.2,0.03,40.0,109.0,0.99075,3.27,0.46,12.6
6.4,0.33,0.31,5.5,0.048,42.0,173.0,0.9951,3.19,0.66,9.3
6.3,0.17,0.32,1.0,0.04,39.0,118.0,0.9888600000000001,3.31,0.4,13.1
7.4,0.38,0.34,8.3,0.052000000000000005,44.0,168.0,0.9962700000000001,3.11,0.52,9.2
7.0,0.49,0.49,5.6,0.06,26.0,121.0,0.9974,3.34,0.76,10.5
7.1,0.31,0.25,11.2,0.048,32.0,136.0,0.9966299999999999,3.14,0.4,9.5
7.2,0.17,0.41,1.6,0.052000000000000005,24.0,126.0,0.9922799999999999,3.19,0.49,10.8
6.5,0.22,0.32,2.2,0.027999999999999997,36.0,92.0,0.9907600000000001,3.27,0.59,11.9
6.4,0.3,0.33,5.2,0.05,30.0,137.0,0.9930399999999999,3.26,0.58,11.1
7.5,0.29,0.31,8.95,0.055,20.0,151.0,0.9968,3.08,0.54,9.3
7.3,0.26,0.3,9.3,0.05,35.0,154.0,0.9958100000000001,3.21,0.5,10.4
7.1,0.6,0.01,2.3,0.079,24.0,37.0,0.9951399999999999,3.4,0.61,10.9
6.8,0.27,0.32,1.5,0.044000000000000004,19.0,142.0,0.9921,3.1,0.43,9.9
11.0,0.2,0.48,2.0,0.34299999999999997,6.0,18.0,0.9979,3.3,0.71,10.5
10.7,0.4,0.37,1.9,0.081,17.0,29.0,0.99674,3.12,0.65,11.2
7.6,0.26,0.47,1.6,0.068,5.0,55.0,0.9944,3.1,0.45,9.6
5.8,0.12,0.21,1.3,0.055999999999999994,35.0,121.0,0.9908,3.32,0.33,11.4
6.8,0.63,0.04,1.3,0.057999999999999996,25.0,133.0,0.99271,3.17,0.39,10.2
6.3,0.24,0.22,11.9,0.05,65.0,179.0,0.99659,3.06,0.58,9.3
6.7,0.13,0.29,5.3,0.051,31.0,122.0,0.9944,3.44,0.37,9.7
8.8,0.2,0.43,15.0,0.053,60.0,184.0,1.0008,3.28,0.79,8.8
8.2,0.37,0.27,1.7,0.027999999999999997,10.0,59.0,0.9923,2.97,0.48,10.4
7.1,0.47,0.29,14.8,0.024,22.0,142.0,0.99518,3.12,0.48,12.0
7.2,0.31,0.5,13.3,0.055999999999999994,68.0,195.0,0.9982,3.01,0.47,9.2
6.0,0.28,0.24,17.8,0.047,42.0,111.0,0.9989600000000001,3.1,0.45,8.9
6.8,0.26,0.44,8.2,0.046,52.0,183.0,0.99584,3.2,0.51,9.4
6.8,0.21,0.49,14.5,0.06,50.0,170.0,0.9991,3.55,0.44,9.8
10.2,0.54,0.37,15.4,0.214,55.0,95.0,1.00369,3.18,0.77,9.0
6.9,0.39,0.24,2.1,0.102,4.0,7.0,0.9946200000000001,3.44,0.58,11.4
8.6,0.55,0.35,15.55,0.057,35.5,366.5,1.0001,3.04,0.63,11.0
7.1,0.17,0.38,7.4,0.052000000000000005,49.0,182.0,0.9958,3.35,0.52,9.6
10.2,0.67,0.39,1.9,0.054000000000000006,6.0,17.0,0.9976,3.17,0.47,10.0
6.2,0.28,0.43,13.0,0.039,64.0,233.0,0.99745,3.08,0.38,8.9
8.5,0.4,0.4,6.3,0.05,3.0,10.0,0.99566,3.28,0.56,12.0
6.2,0.28,0.28,4.3,0.026000000000000002,22.0,105.0,0.9890000000000001,2.98,0.64,13.1
6.6,0.695,0.0,2.1,0.075,12.0,56.0,0.9968,3.49,0.67,9.2
6.4,0.17,0.3,2.8,0.034,33.0,125.0,0.9915200000000001,3.03,0.49,10.4
7.3,0.67,0.26,1.8,0.401,16.0,51.0,0.9969,3.16,1.14,9.4
6.9,0.38,0.28,8.3,0.062,22.0,166.0,0.9950600000000001,3.16,0.72,10.6
7.8,0.56,0.12,2.0,0.08199999999999999,7.0,28.0,0.997,3.37,0.5,9.4
5.2,0.44,0.04,1.4,0.036000000000000004,43.0,119.0,0.9894,3.36,0.33,12.1
8.4,0.67,0.19,2.2,0.09300000000000001,11.0,75.0,0.99736,3.2,0.59,9.2
6.8,0.11,0.27,8.6,0.044000000000000004,45.0,104.0,0.99454,3.2,0.37,9.9
6.8,0.3,0.23,4.6,0.061,50.5,238.5,0.9958,3.32,0.6,9.5
6.6,0.26,0.22,18.15,0.05,23.0,139.0,0.9990399999999999,3.06,0.5,9.2
9.6,0.25,0.54,1.3,0.04,16.0,160.0,0.9938,2.94,0.43,10.5
6.4,0.125,0.29,5.85,0.042,24.0,99.0,0.992,3.23,0.32,12.0
8.3,0.2,0.74,4.45,0.044000000000000004,33.0,130.0,0.9924,3.25,0.42,12.2
8.3,0.21,0.49,19.8,0.054000000000000006,50.0,231.0,1.0012,2.99,0.54,9.2
7.4,0.35,0.24,6.0,0.042,28.0,123.0,0.9930399999999999,3.14,0.44,11.3
5.2,0.37,0.33,1.2,0.027999999999999997,13.0,81.0,0.9902,3.37,0.38,11.7
7.7,0.43,0.28,4.5,0.046,33.0,102.0,0.9918,3.16,0.56,12.2
5.2,0.34,0.37,6.2,0.031,42.0,133.0,0.9907600000000001,3.25,0.41,12.5
6.3,0.39,0.24,6.9,0.069,9.0,117.0,0.9942,3.15,0.35,10.2
6.7,0.41,0.34,9.2,0.049,29.0,150.0,0.9968,3.22,0.51,9.1
7.8,0.17,0.23,1.7,0.028999999999999998,39.0,128.0,0.99272,3.37,0.41,10.7
9.1,0.785,0.0,2.6,0.09300000000000001,11.0,28.0,0.9994,3.36,0.86,9.4
5.6,0.615,0.0,1.6,0.08900000000000001,16.0,59.0,0.9943,3.58,0.52,9.9
6.0,0.28,0.27,15.5,0.036000000000000004,31.0,134.0,0.99408,3.19,0.44,13.0
6.7,0.19,0.36,1.1,0.026000000000000002,63.0,143.0,0.9912,3.27,0.48,11.0
6.0,0.2,0.26,14.7,0.045,53.0,125.0,0.998365,2.99,0.69,9.4
8.7,0.46,0.31,2.5,0.126,24.0,64.0,0.99746,3.1,0.74,9.6
10.0,0.44,0.49,2.7,0.077,11.0,19.0,0.9963,3.23,0.63,11.6
7.1,0.28,0.44,1.8,0.032,32.0,107.0,0.9907,3.25,0.48,12.2
6.1,0.64,0.02,2.4,0.069,26.0,46.0,0.9935799999999999,3.47,0.45,11.0
6.8,0.3,0.26,20.3,0.037000000000000005,45.0,150.0,0.9972700000000001,3.04,0.38,12.3
7.2,0.24,0.28,1.9,0.032,30.0,92.0,0.9914,3.1,0.39,10.9
8.3,0.705,0.12,2.6,0.092,12.0,28.0,0.9994,3.51,0.72,10.0
7.3,0.695,0.0,2.5,0.075,3.0,13.0,0.998,3.49,0.52,9.2
6.2,0.21,0.27,1.7,0.038,41.0,150.0,0.9933,3.49,0.71,10.5
6.6,0.15,0.34,5.1,0.055,34.0,125.0,0.9942,3.36,0.42,9.6
